Category Name,Category URL,Search URL
geospatial-data,https://datarade.ai/data-categories/geospatial-data/datasets,https://datarade.ai/search/products?keywords=Geospatial+Data
retail-commerce-data,https://datarade.ai/data-categories/retail-commerce-data/datasets,https://datarade.ai/search/products?keywords=Retail+Commerce+Data
financial-market-data,https://datarade.ai/data-categories/financial-market-data/datasets,https://datarade.ai/search/products?keywords=Financial+Market+Data
company-data,https://datarade.ai/data-categories/company-data/datasets,https://datarade.ai/search/products?keywords=Company+Data
real-estate-data,https://datarade.ai/data-categories/real-estate-data/datasets,https://datarade.ai/search/products?keywords=Real+Estate+Data
web-data,https://datarade.ai/data-categories/web-data/datasets,https://datarade.ai/search/products?keywords=Web+Data
ai-ml-training-data,https://datarade.ai/data-categories/ai-ml-training-data/datasets,https://datarade.ai/search/products?keywords=Ai+Ml+Training+Data
financial-market-data,https://datarade.ai/data-categories/financial-market-data/datasets,https://datarade.ai/search/products?keywords=Financial+Market+Data
stock-market-data,https://datarade.ai/data-categories/stock-market-data/datasets,https://datarade.ai/search/products?keywords=Stock+Market+Data
esg-data,https://datarade.ai/data-categories/esg-data/datasets,https://datarade.ai/search/products?keywords=Esg+Data
alternative-data,https://datarade.ai/data-categories/alternative-data/datasets,https://datarade.ai/search/products?keywords=Alternative+Data
reference-data,https://datarade.ai/data-categories/reference-data/datasets,https://datarade.ai/search/products?keywords=Reference+Data
commodity-data,https://datarade.ai/data-categories/commodity-data/datasets,https://datarade.ai/search/products?keywords=Commodity+Data
currency-data,https://datarade.ai/data-categories/currency-data/datasets,https://datarade.ai/search/products?keywords=Currency+Data
fixed-income-data,https://datarade.ai/data-categories/fixed-income-data/datasets,https://datarade.ai/search/products?keywords=Fixed+Income+Data
derivatives-data,https://datarade.ai/data-categories/derivatives-data/datasets,https://datarade.ai/search/products?keywords=Derivatives+Data
economic-data,https://datarade.ai/data-categories/economic-data/datasets,https://datarade.ai/search/products?keywords=Economic+Data
fund-data,https://datarade.ai/data-categories/fund-data/datasets,https://datarade.ai/search/products?keywords=Fund+Data
otc-data,https://datarade.ai/data-categories/otc-data/datasets,https://datarade.ai/search/products?keywords=Otc+Data
corporate-data,https://datarade.ai/data-categories/corporate-data/datasets,https://datarade.ai/search/products?keywords=Corporate+Data
bank-data,https://datarade.ai/data-categories/bank-data/datasets,https://datarade.ai/search/products?keywords=Bank+Data
b2b-data,https://datarade.ai/data-categories/b2b-data/datasets,https://datarade.ai/search/products?keywords=B2B+Data
b2b-leads-data,https://datarade.ai/data-categories/b2b-leads-data/datasets,https://datarade.ai/search/products?keywords=B2B+Leads+Data
b2b-intent-data,https://datarade.ai/data-categories/b2b-intent-data/datasets,https://datarade.ai/search/products?keywords=B2B+Intent+Data
b2b-marketing-data,https://datarade.ai/data-categories/b2b-marketing-data/datasets,https://datarade.ai/search/products?keywords=B2B+Marketing+Data
firmographic-data,https://datarade.ai/data-categories/firmographic-data/datasets,https://datarade.ai/search/products?keywords=Firmographic+Data
technographic-data,https://datarade.ai/data-categories/technographic-data/datasets,https://datarade.ai/search/products?keywords=Technographic+Data
company-data,https://datarade.ai/data-categories/company-data/datasets,https://datarade.ai/search/products?keywords=Company+Data
b2b-data-uk,https://datarade.ai/data-categories/b2b-data-uk/datasets,https://datarade.ai/search/products?keywords=B2B+Data+Uk
geospatial-data,https://datarade.ai/data-categories/geospatial-data/datasets,https://datarade.ai/search/products?keywords=Geospatial+Data
mobile-location-data,https://datarade.ai/data-categories/mobile-location-data/datasets,https://datarade.ai/search/products?keywords=Mobile+Location+Data
location-data,https://datarade.ai/data-categories/location-data/datasets,https://datarade.ai/search/products?keywords=Location+Data
satellite-data,https://datarade.ai/data-categories/satellite-data/datasets,https://datarade.ai/search/products?keywords=Satellite+Data
building-footprint-data,https://datarade.ai/data-categories/building-footprint-data/datasets,https://datarade.ai/search/products?keywords=Building+Footprint+Data
point-of-interest-poi-data,https://datarade.ai/data-categories/point-of-interest-poi-data/datasets,https://datarade.ai/search/products?keywords=Point+Of+Interest+Poi+Data
places-data,https://datarade.ai/data-categories/places-data/datasets,https://datarade.ai/search/products?keywords=Places+Data
footfall-traffic-data,https://datarade.ai/data-categories/footfall-traffic-data/datasets,https://datarade.ai/search/products?keywords=Footfall+Traffic+Data
map-data,https://datarade.ai/data-categories/map-data/datasets,https://datarade.ai/search/products?keywords=Map+Data
cell-tower-data,https://datarade.ai/data-categories/cell-tower-data/datasets,https://datarade.ai/search/products?keywords=Cell+Tower+Data
gis-data,https://datarade.ai/data-categories/gis-data/datasets,https://datarade.ai/search/products?keywords=Gis+Data
geographic-data,https://datarade.ai/data-categories/geographic-data/datasets,https://datarade.ai/search/products?keywords=Geographic+Data
retail-commerce-data,https://datarade.ai/data-categories/retail-commerce-data/datasets,https://datarade.ai/search/products?keywords=Retail+Commerce+Data
ecommerce-data,https://datarade.ai/data-categories/ecommerce-data/datasets,https://datarade.ai/search/products?keywords=Ecommerce+Data
ecommerce-store-data,https://datarade.ai/data-categories/ecommerce-store-data/datasets,https://datarade.ai/search/products?keywords=Ecommerce+Store+Data
online-shopping-data,https://datarade.ai/data-categories/online-shopping-data/datasets,https://datarade.ai/search/products?keywords=Online+Shopping+Data
online-marketplace-data,https://datarade.ai/data-categories/online-marketplace-data/datasets,https://datarade.ai/search/products?keywords=Online+Marketplace+Data
consumer-review-data,https://datarade.ai/data-categories/consumer-review-data/datasets,https://datarade.ai/search/products?keywords=Consumer+Review+Data
online-purchase-data,https://datarade.ai/data-categories/online-purchase-data/datasets,https://datarade.ai/search/products?keywords=Online+Purchase+Data
product-data,https://datarade.ai/data-categories/product-data/datasets,https://datarade.ai/search/products?keywords=Product+Data
retail-data,https://datarade.ai/data-categories/retail-data/datasets,https://datarade.ai/search/products?keywords=Retail+Data
receipt-data,https://datarade.ai/data-categories/receipt-data/datasets,https://datarade.ai/search/products?keywords=Receipt+Data
seller-data,https://datarade.ai/data-categories/seller-data/datasets,https://datarade.ai/search/products?keywords=Seller+Data
sales-data,https://datarade.ai/data-categories/sales-data/datasets,https://datarade.ai/search/products?keywords=Sales+Data
procurement-data,https://datarade.ai/data-categories/procurement-data/datasets,https://datarade.ai/search/products?keywords=Procurement+Data
b2g-data,https://datarade.ai/data-categories/b2g-data/datasets,https://datarade.ai/search/products?keywords=B2G+Data
consumer-data,https://datarade.ai/data-categories/consumer-data/datasets,https://datarade.ai/search/products?keywords=Consumer+Data
audience-data,https://datarade.ai/data-categories/audience-data/datasets,https://datarade.ai/search/products?keywords=Audience+Data
consumer-behavior-data,https://datarade.ai/data-categories/consumer-behavior-data/datasets,https://datarade.ai/search/products?keywords=Consumer+Behavior+Data
consumer-spending-data,https://datarade.ai/data-categories/consumer-spending-data/datasets,https://datarade.ai/search/products?keywords=Consumer+Spending+Data
consumer-travel-history-data,https://datarade.ai/data-categories/consumer-travel-history-data/datasets,https://datarade.ai/search/products?keywords=Consumer+Travel+History+Data
consumer-purchase-data,https://datarade.ai/data-categories/consumer-purchase-data/datasets,https://datarade.ai/search/products?keywords=Consumer+Purchase+Data
cpg-data,https://datarade.ai/data-categories/cpg-data/datasets,https://datarade.ai/search/products?keywords=Cpg+Data
fmcg-data,https://datarade.ai/data-categories/fmcg-data/datasets,https://datarade.ai/search/products?keywords=Fmcg+Data
identity-data,https://datarade.ai/data-categories/identity-data/datasets,https://datarade.ai/search/products?keywords=Identity+Data
survey-data,https://datarade.ai/data-categories/survey-data/datasets,https://datarade.ai/search/products?keywords=Survey+Data
kyc-data,https://datarade.ai/data-categories/kyc-data/datasets,https://datarade.ai/search/products?keywords=Kyc+Data
customer-experience-data,https://datarade.ai/data-categories/customer-experience-data/datasets,https://datarade.ai/search/products?keywords=Customer+Experience+Data
consumer-demographic-data,https://datarade.ai/data-categories/consumer-demographic-data/datasets,https://datarade.ai/search/products?keywords=Consumer+Demographic+Data
trade-data,https://datarade.ai/data-categories/trade-data/datasets,https://datarade.ai/search/products?keywords=Trade+Data
import-export-data,https://datarade.ai/data-categories/import-export-data/datasets,https://datarade.ai/search/products?keywords=Import+Export+Data
global-trade-data,https://datarade.ai/data-categories/global-trade-data/datasets,https://datarade.ai/search/products?keywords=Global+Trade+Data
customs-data,https://datarade.ai/data-categories/customs-data/datasets,https://datarade.ai/search/products?keywords=Customs+Data
transport-logistics-data,https://datarade.ai/data-categories/transport-logistics-data/datasets,https://datarade.ai/search/products?keywords=Transport+Logistics+Data
bill-of-lading-data,https://datarade.ai/data-categories/bill-of-lading-data/datasets,https://datarade.ai/search/products?keywords=Bill+Of+Lading+Data
rail-traffic-data,https://datarade.ai/data-categories/rail-traffic-data/datasets,https://datarade.ai/search/products?keywords=Rail+Traffic+Data
marine-traffic-data,https://datarade.ai/data-categories/marine-traffic-data/datasets,https://datarade.ai/search/products?keywords=Marine+Traffic+Data
ride-sharing-data,https://datarade.ai/data-categories/ride-sharing-data/datasets,https://datarade.ai/search/products?keywords=Ride+Sharing+Data
weather-data,https://datarade.ai/data-categories/weather-data/datasets,https://datarade.ai/search/products?keywords=Weather+Data
historical-weather-data,https://datarade.ai/data-categories/historical-weather-data/datasets,https://datarade.ai/search/products?keywords=Historical+Weather+Data
real-time-weather-data,https://datarade.ai/data-categories/real-time-weather-data/datasets,https://datarade.ai/search/products?keywords=Real+Time+Weather+Data
global-weather-data,https://datarade.ai/data-categories/global-weather-data/datasets,https://datarade.ai/search/products?keywords=Global+Weather+Data
severe-weather-data,https://datarade.ai/data-categories/severe-weather-data/datasets,https://datarade.ai/search/products?keywords=Severe+Weather+Data
lightning-data,https://datarade.ai/data-categories/lightning-data/datasets,https://datarade.ai/search/products?keywords=Lightning+Data
climate-data,https://datarade.ai/data-categories/climate-data/datasets,https://datarade.ai/search/products?keywords=Climate+Data
wind-data,https://datarade.ai/data-categories/wind-data/datasets,https://datarade.ai/search/products?keywords=Wind+Data
temperature-data,https://datarade.ai/data-categories/temperature-data/datasets,https://datarade.ai/search/products?keywords=Temperature+Data
weather-forecast-data,https://datarade.ai/data-categories/weather-forecast-data/datasets,https://datarade.ai/search/products?keywords=Weather+Forecast+Data
precipitation-data,https://datarade.ai/data-categories/precipitation-data/datasets,https://datarade.ai/search/products?keywords=Precipitation+Data
fire-data,https://datarade.ai/data-categories/fire-data/datasets,https://datarade.ai/search/products?keywords=Fire+Data
atmosphere-data,https://datarade.ai/data-categories/atmosphere-data/datasets,https://datarade.ai/search/products?keywords=Atmosphere+Data
pollen-data,https://datarade.ai/data-categories/pollen-data/datasets,https://datarade.ai/search/products?keywords=Pollen+Data
environmental-data,https://datarade.ai/data-categories/environmental-data/datasets,https://datarade.ai/search/products?keywords=Environmental+Data
waste-data,https://datarade.ai/data-categories/waste-data/datasets,https://datarade.ai/search/products?keywords=Waste+Data
ndvi-data,https://datarade.ai/data-categories/ndvi-data/datasets,https://datarade.ai/search/products?keywords=Ndvi+Data
geological-data,https://datarade.ai/data-categories/geological-data/datasets,https://datarade.ai/search/products?keywords=Geological+Data
surface-data,https://datarade.ai/data-categories/surface-data/datasets,https://datarade.ai/search/products?keywords=Surface+Data
natural-disaster-data,https://datarade.ai/data-categories/natural-disaster-data/datasets,https://datarade.ai/search/products?keywords=Natural+Disaster+Data
soil-data,https://datarade.ai/data-categories/soil-data/datasets,https://datarade.ai/search/products?keywords=Soil+Data
real-estate-data,https://datarade.ai/data-categories/real-estate-data/datasets,https://datarade.ai/search/products?keywords=Real+Estate+Data
real-estate-market-data,https://datarade.ai/data-categories/real-estate-market-data/datasets,https://datarade.ai/search/products?keywords=Real+Estate+Market+Data
home-ownership-data,https://datarade.ai/data-categories/home-ownership-data/datasets,https://datarade.ai/search/products?keywords=Home+Ownership+Data
property-data,https://datarade.ai/data-categories/property-data/datasets,https://datarade.ai/search/products?keywords=Property+Data
mortgage-data,https://datarade.ai/data-categories/mortgage-data/datasets,https://datarade.ai/search/products?keywords=Mortgage+Data
commercial-real-estate-data,https://datarade.ai/data-categories/commercial-real-estate-data/datasets,https://datarade.ai/search/products?keywords=Commercial+Real+Estate+Data
residential-real-estate-data,https://datarade.ai/data-categories/residential-real-estate-data/datasets,https://datarade.ai/search/products?keywords=Residential+Real+Estate+Data
real-estate-valuation-data,https://datarade.ai/data-categories/real-estate-valuation-data/datasets,https://datarade.ai/search/products?keywords=Real+Estate+Valuation+Data
urban-planning-data,https://datarade.ai/data-categories/urban-planning-data/datasets,https://datarade.ai/search/products?keywords=Urban+Planning+Data
real-time-real-estate-data,https://datarade.ai/data-categories/real-time-real-estate-data/datasets,https://datarade.ai/search/products?keywords=Real+Time+Real+Estate+Data
real-estate-transaction-data,https://datarade.ai/data-categories/real-estate-transaction-data/datasets,https://datarade.ai/search/products?keywords=Real+Estate+Transaction+Data
rental-data,https://datarade.ai/data-categories/rental-data/datasets,https://datarade.ai/search/products?keywords=Rental+Data
parcel-data,https://datarade.ai/data-categories/parcel-data/datasets,https://datarade.ai/search/products?keywords=Parcel+Data
construction-data,https://datarade.ai/data-categories/construction-data/datasets,https://datarade.ai/search/products?keywords=Construction+Data
contact-data,https://datarade.ai/data-categories/contact-data/datasets,https://datarade.ai/search/products?keywords=Contact+Data
phone-number-data,https://datarade.ai/data-categories/phone-number-data/datasets,https://datarade.ai/search/products?keywords=Phone+Number+Data
email-address-data,https://datarade.ai/data-categories/email-address-data/datasets,https://datarade.ai/search/products?keywords=Email+Address+Data
address-data,https://datarade.ai/data-categories/address-data/datasets,https://datarade.ai/search/products?keywords=Address+Data
b2b-contact-data,https://datarade.ai/data-categories/b2b-contact-data/datasets,https://datarade.ai/search/products?keywords=B2B+Contact+Data
b2c-contact-data,https://datarade.ai/data-categories/b2c-contact-data/datasets,https://datarade.ai/search/products?keywords=B2C+Contact+Data
web-data,https://datarade.ai/data-categories/web-data/datasets,https://datarade.ai/search/products?keywords=Web+Data
ip-address-data,https://datarade.ai/data-categories/ip-address-data/datasets,https://datarade.ai/search/products?keywords=Ip+Address+Data
web-search-data,https://datarade.ai/data-categories/web-search-data/datasets,https://datarade.ai/search/products?keywords=Web+Search+Data
web-browsing-data,https://datarade.ai/data-categories/web-browsing-data/datasets,https://datarade.ai/search/products?keywords=Web+Browsing+Data
web-activity-data,https://datarade.ai/data-categories/web-activity-data/datasets,https://datarade.ai/search/products?keywords=Web+Activity+Data
web-scraping-data,https://datarade.ai/data-categories/web-scraping-data/datasets,https://datarade.ai/search/products?keywords=Web+Scraping+Data
web-traffic-data,https://datarade.ai/data-categories/web-traffic-data/datasets,https://datarade.ai/search/products?keywords=Web+Traffic+Data
semantic-website-data,https://datarade.ai/data-categories/semantic-website-data/datasets,https://datarade.ai/search/products?keywords=Semantic+Website+Data
sentiment-data,https://datarade.ai/data-categories/sentiment-data/datasets,https://datarade.ai/search/products?keywords=Sentiment+Data
domain-name-data,https://datarade.ai/data-categories/domain-name-data/datasets,https://datarade.ai/search/products?keywords=Domain+Name+Data
clickstream-data,https://datarade.ai/data-categories/clickstream-data/datasets,https://datarade.ai/search/products?keywords=Clickstream+Data
social-media-data,https://datarade.ai/data-categories/social-media-data/datasets,https://datarade.ai/search/products?keywords=Social+Media+Data
transaction-data,https://datarade.ai/data-categories/transaction-data/datasets,https://datarade.ai/search/products?keywords=Transaction+Data
b2b-transaction-data,https://datarade.ai/data-categories/b2b-transaction-data/datasets,https://datarade.ai/search/products?keywords=B2B+Transaction+Data
sales-transaction-data,https://datarade.ai/data-categories/sales-transaction-data/datasets,https://datarade.ai/search/products?keywords=Sales+Transaction+Data
consumers-transaction-data,https://datarade.ai/data-categories/consumers-transaction-data/datasets,https://datarade.ai/search/products?keywords=Consumers+Transaction+Data
point-of-sale-pos-data,https://datarade.ai/data-categories/point-of-sale-pos-data/datasets,https://datarade.ai/search/products?keywords=Point+Of+Sale+Pos+Data
tickerized-transaction-data,https://datarade.ai/data-categories/tickerized-transaction-data/datasets,https://datarade.ai/search/products?keywords=Tickerized+Transaction+Data
electronic-payment-data,https://datarade.ai/data-categories/electronic-payment-data/datasets,https://datarade.ai/search/products?keywords=Electronic+Payment+Data
industrial-transaction-data,https://datarade.ai/data-categories/industrial-transaction-data/datasets,https://datarade.ai/search/products?keywords=Industrial+Transaction+Data
sku-level-transaction-data,https://datarade.ai/data-categories/sku-level-transaction-data/datasets,https://datarade.ai/search/products?keywords=Sku+Level+Transaction+Data
bank-transaction-data,https://datarade.ai/data-categories/bank-transaction-data/datasets,https://datarade.ai/search/products?keywords=Bank+Transaction+Data
bank-statement-data,https://datarade.ai/data-categories/bank-statement-data/datasets,https://datarade.ai/search/products?keywords=Bank+Statement+Data
legal-data,https://datarade.ai/data-categories/legal-data/datasets,https://datarade.ai/search/products?keywords=Legal+Data
intellectual-property-data,https://datarade.ai/data-categories/intellectual-property-data/datasets,https://datarade.ai/search/products?keywords=Intellectual+Property+Data
patent-data,https://datarade.ai/data-categories/patent-data/datasets,https://datarade.ai/search/products?keywords=Patent+Data
court-data,https://datarade.ai/data-categories/court-data/datasets,https://datarade.ai/search/products?keywords=Court+Data
litigation-data,https://datarade.ai/data-categories/litigation-data/datasets,https://datarade.ai/search/products?keywords=Litigation+Data
royalty-rates-data,https://datarade.ai/data-categories/royalty-rates-data/datasets,https://datarade.ai/search/products?keywords=Royalty+Rates+Data
trademark-data,https://datarade.ai/data-categories/trademark-data/datasets,https://datarade.ai/search/products?keywords=Trademark+Data
attorney-data,https://datarade.ai/data-categories/attorney-data/datasets,https://datarade.ai/search/products?keywords=Attorney+Data
legal-parties-data,https://datarade.ai/data-categories/legal-parties-data/datasets,https://datarade.ai/search/products?keywords=Legal+Parties+Data
copyright-data,https://datarade.ai/data-categories/copyright-data/datasets,https://datarade.ai/search/products?keywords=Copyright+Data
contract-data,https://datarade.ai/data-categories/contract-data/datasets,https://datarade.ai/search/products?keywords=Contract+Data
healthcare-data,https://datarade.ai/data-categories/healthcare-data/datasets,https://datarade.ai/search/products?keywords=Healthcare+Data
hospital-data,https://datarade.ai/data-categories/hospital-data/datasets,https://datarade.ai/search/products?keywords=Hospital+Data
healthcare-provider-hcp-data,https://datarade.ai/data-categories/healthcare-provider-hcp-data/datasets,https://datarade.ai/search/products?keywords=Healthcare+Provider+Hcp+Data
pharma-data,https://datarade.ai/data-categories/pharma-data/datasets,https://datarade.ai/search/products?keywords=Pharma+Data
medical-imagery-data,https://datarade.ai/data-categories/medical-imagery-data/datasets,https://datarade.ai/search/products?keywords=Medical+Imagery+Data
medical-claims-data,https://datarade.ai/data-categories/medical-claims-data/datasets,https://datarade.ai/search/products?keywords=Medical+Claims+Data
patient-data,https://datarade.ai/data-categories/patient-data/datasets,https://datarade.ai/search/products?keywords=Patient+Data
electronic-health-record-ehr-data,https://datarade.ai/data-categories/electronic-health-record-ehr-data/datasets,https://datarade.ai/search/products?keywords=Electronic+Health+Record+Ehr+Data
telemedicine-data,https://datarade.ai/data-categories/telemedicine-data/datasets,https://datarade.ai/search/products?keywords=Telemedicine+Data
covid-19-data,https://datarade.ai/data-categories/covid-19-data/datasets,https://datarade.ai/search/products?keywords=Covid+19+Data
wearables-data,https://datarade.ai/data-categories/wearables-data/datasets,https://datarade.ai/search/products?keywords=Wearables+Data
dental-data,https://datarade.ai/data-categories/dental-data/datasets,https://datarade.ai/search/products?keywords=Dental+Data
lab-test-data,https://datarade.ai/data-categories/lab-test-data/datasets,https://datarade.ai/search/products?keywords=Lab+Test+Data
donor-data,https://datarade.ai/data-categories/donor-data/datasets,https://datarade.ai/search/products?keywords=Donor+Data
data-categories,https://datarade.ai/data-categories/datasets,https://datarade.ai/search/products?keywords=Data+Categories
financial-market-data,https://datarade.ai/data-categories/financial-market-data/datasets,https://datarade.ai/search/products?keywords=Financial+Market+Data
stock-market-data,https://datarade.ai/data-categories/stock-market-data/datasets,https://datarade.ai/search/products?keywords=Stock+Market+Data
esg-data,https://datarade.ai/data-categories/esg-data/datasets,https://datarade.ai/search/products?keywords=Esg+Data
alternative-data,https://datarade.ai/data-categories/alternative-data/datasets,https://datarade.ai/search/products?keywords=Alternative+Data
reference-data,https://datarade.ai/data-categories/reference-data/datasets,https://datarade.ai/search/products?keywords=Reference+Data
commodity-data,https://datarade.ai/data-categories/commodity-data/datasets,https://datarade.ai/search/products?keywords=Commodity+Data
currency-data,https://datarade.ai/data-categories/currency-data/datasets,https://datarade.ai/search/products?keywords=Currency+Data
fixed-income-data,https://datarade.ai/data-categories/fixed-income-data/datasets,https://datarade.ai/search/products?keywords=Fixed+Income+Data
derivatives-data,https://datarade.ai/data-categories/derivatives-data/datasets,https://datarade.ai/search/products?keywords=Derivatives+Data
economic-data,https://datarade.ai/data-categories/economic-data/datasets,https://datarade.ai/search/products?keywords=Economic+Data
fund-data,https://datarade.ai/data-categories/fund-data/datasets,https://datarade.ai/search/products?keywords=Fund+Data
otc-data,https://datarade.ai/data-categories/otc-data/datasets,https://datarade.ai/search/products?keywords=Otc+Data
corporate-data,https://datarade.ai/data-categories/corporate-data/datasets,https://datarade.ai/search/products?keywords=Corporate+Data
bank-data,https://datarade.ai/data-categories/bank-data/datasets,https://datarade.ai/search/products?keywords=Bank+Data
b2b-data,https://datarade.ai/data-categories/b2b-data/datasets,https://datarade.ai/search/products?keywords=B2B+Data
b2b-leads-data,https://datarade.ai/data-categories/b2b-leads-data/datasets,https://datarade.ai/search/products?keywords=B2B+Leads+Data
b2b-intent-data,https://datarade.ai/data-categories/b2b-intent-data/datasets,https://datarade.ai/search/products?keywords=B2B+Intent+Data
b2b-marketing-data,https://datarade.ai/data-categories/b2b-marketing-data/datasets,https://datarade.ai/search/products?keywords=B2B+Marketing+Data
firmographic-data,https://datarade.ai/data-categories/firmographic-data/datasets,https://datarade.ai/search/products?keywords=Firmographic+Data
technographic-data,https://datarade.ai/data-categories/technographic-data/datasets,https://datarade.ai/search/products?keywords=Technographic+Data
company-data,https://datarade.ai/data-categories/company-data/datasets,https://datarade.ai/search/products?keywords=Company+Data
b2b-data-uk,https://datarade.ai/data-categories/b2b-data-uk/datasets,https://datarade.ai/search/products?keywords=B2B+Data+Uk
geospatial-data,https://datarade.ai/data-categories/geospatial-data/datasets,https://datarade.ai/search/products?keywords=Geospatial+Data
mobile-location-data,https://datarade.ai/data-categories/mobile-location-data/datasets,https://datarade.ai/search/products?keywords=Mobile+Location+Data
location-data,https://datarade.ai/data-categories/location-data/datasets,https://datarade.ai/search/products?keywords=Location+Data
satellite-data,https://datarade.ai/data-categories/satellite-data/datasets,https://datarade.ai/search/products?keywords=Satellite+Data
building-footprint-data,https://datarade.ai/data-categories/building-footprint-data/datasets,https://datarade.ai/search/products?keywords=Building+Footprint+Data
point-of-interest-poi-data,https://datarade.ai/data-categories/point-of-interest-poi-data/datasets,https://datarade.ai/search/products?keywords=Point+Of+Interest+Poi+Data
places-data,https://datarade.ai/data-categories/places-data/datasets,https://datarade.ai/search/products?keywords=Places+Data
footfall-traffic-data,https://datarade.ai/data-categories/footfall-traffic-data/datasets,https://datarade.ai/search/products?keywords=Footfall+Traffic+Data
map-data,https://datarade.ai/data-categories/map-data/datasets,https://datarade.ai/search/products?keywords=Map+Data
cell-tower-data,https://datarade.ai/data-categories/cell-tower-data/datasets,https://datarade.ai/search/products?keywords=Cell+Tower+Data
gis-data,https://datarade.ai/data-categories/gis-data/datasets,https://datarade.ai/search/products?keywords=Gis+Data
geographic-data,https://datarade.ai/data-categories/geographic-data/datasets,https://datarade.ai/search/products?keywords=Geographic+Data
retail-commerce-data,https://datarade.ai/data-categories/retail-commerce-data/datasets,https://datarade.ai/search/products?keywords=Retail+Commerce+Data
ecommerce-data,https://datarade.ai/data-categories/ecommerce-data/datasets,https://datarade.ai/search/products?keywords=Ecommerce+Data
ecommerce-store-data,https://datarade.ai/data-categories/ecommerce-store-data/datasets,https://datarade.ai/search/products?keywords=Ecommerce+Store+Data
online-shopping-data,https://datarade.ai/data-categories/online-shopping-data/datasets,https://datarade.ai/search/products?keywords=Online+Shopping+Data
online-marketplace-data,https://datarade.ai/data-categories/online-marketplace-data/datasets,https://datarade.ai/search/products?keywords=Online+Marketplace+Data
consumer-review-data,https://datarade.ai/data-categories/consumer-review-data/datasets,https://datarade.ai/search/products?keywords=Consumer+Review+Data
online-purchase-data,https://datarade.ai/data-categories/online-purchase-data/datasets,https://datarade.ai/search/products?keywords=Online+Purchase+Data
product-data,https://datarade.ai/data-categories/product-data/datasets,https://datarade.ai/search/products?keywords=Product+Data
retail-data,https://datarade.ai/data-categories/retail-data/datasets,https://datarade.ai/search/products?keywords=Retail+Data
receipt-data,https://datarade.ai/data-categories/receipt-data/datasets,https://datarade.ai/search/products?keywords=Receipt+Data
seller-data,https://datarade.ai/data-categories/seller-data/datasets,https://datarade.ai/search/products?keywords=Seller+Data
sales-data,https://datarade.ai/data-categories/sales-data/datasets,https://datarade.ai/search/products?keywords=Sales+Data
procurement-data,https://datarade.ai/data-categories/procurement-data/datasets,https://datarade.ai/search/products?keywords=Procurement+Data
b2g-data,https://datarade.ai/data-categories/b2g-data/datasets,https://datarade.ai/search/products?keywords=B2G+Data
consumer-data,https://datarade.ai/data-categories/consumer-data/datasets,https://datarade.ai/search/products?keywords=Consumer+Data
audience-data,https://datarade.ai/data-categories/audience-data/datasets,https://datarade.ai/search/products?keywords=Audience+Data
consumer-behavior-data,https://datarade.ai/data-categories/consumer-behavior-data/datasets,https://datarade.ai/search/products?keywords=Consumer+Behavior+Data
consumer-spending-data,https://datarade.ai/data-categories/consumer-spending-data/datasets,https://datarade.ai/search/products?keywords=Consumer+Spending+Data
consumer-travel-history-data,https://datarade.ai/data-categories/consumer-travel-history-data/datasets,https://datarade.ai/search/products?keywords=Consumer+Travel+History+Data
consumer-purchase-data,https://datarade.ai/data-categories/consumer-purchase-data/datasets,https://datarade.ai/search/products?keywords=Consumer+Purchase+Data
cpg-data,https://datarade.ai/data-categories/cpg-data/datasets,https://datarade.ai/search/products?keywords=Cpg+Data
fmcg-data,https://datarade.ai/data-categories/fmcg-data/datasets,https://datarade.ai/search/products?keywords=Fmcg+Data
identity-data,https://datarade.ai/data-categories/identity-data/datasets,https://datarade.ai/search/products?keywords=Identity+Data
survey-data,https://datarade.ai/data-categories/survey-data/datasets,https://datarade.ai/search/products?keywords=Survey+Data
kyc-data,https://datarade.ai/data-categories/kyc-data/datasets,https://datarade.ai/search/products?keywords=Kyc+Data
customer-experience-data,https://datarade.ai/data-categories/customer-experience-data/datasets,https://datarade.ai/search/products?keywords=Customer+Experience+Data
consumer-demographic-data,https://datarade.ai/data-categories/consumer-demographic-data/datasets,https://datarade.ai/search/products?keywords=Consumer+Demographic+Data
trade-data,https://datarade.ai/data-categories/trade-data/datasets,https://datarade.ai/search/products?keywords=Trade+Data
import-export-data,https://datarade.ai/data-categories/import-export-data/datasets,https://datarade.ai/search/products?keywords=Import+Export+Data
global-trade-data,https://datarade.ai/data-categories/global-trade-data/datasets,https://datarade.ai/search/products?keywords=Global+Trade+Data
customs-data,https://datarade.ai/data-categories/customs-data/datasets,https://datarade.ai/search/products?keywords=Customs+Data
transport-logistics-data,https://datarade.ai/data-categories/transport-logistics-data/datasets,https://datarade.ai/search/products?keywords=Transport+Logistics+Data
bill-of-lading-data,https://datarade.ai/data-categories/bill-of-lading-data/datasets,https://datarade.ai/search/products?keywords=Bill+Of+Lading+Data
rail-traffic-data,https://datarade.ai/data-categories/rail-traffic-data/datasets,https://datarade.ai/search/products?keywords=Rail+Traffic+Data
marine-traffic-data,https://datarade.ai/data-categories/marine-traffic-data/datasets,https://datarade.ai/search/products?keywords=Marine+Traffic+Data
ride-sharing-data,https://datarade.ai/data-categories/ride-sharing-data/datasets,https://datarade.ai/search/products?keywords=Ride+Sharing+Data
weather-data,https://datarade.ai/data-categories/weather-data/datasets,https://datarade.ai/search/products?keywords=Weather+Data
historical-weather-data,https://datarade.ai/data-categories/historical-weather-data/datasets,https://datarade.ai/search/products?keywords=Historical+Weather+Data
real-time-weather-data,https://datarade.ai/data-categories/real-time-weather-data/datasets,https://datarade.ai/search/products?keywords=Real+Time+Weather+Data
global-weather-data,https://datarade.ai/data-categories/global-weather-data/datasets,https://datarade.ai/search/products?keywords=Global+Weather+Data
severe-weather-data,https://datarade.ai/data-categories/severe-weather-data/datasets,https://datarade.ai/search/products?keywords=Severe+Weather+Data
lightning-data,https://datarade.ai/data-categories/lightning-data/datasets,https://datarade.ai/search/products?keywords=Lightning+Data
climate-data,https://datarade.ai/data-categories/climate-data/datasets,https://datarade.ai/search/products?keywords=Climate+Data
wind-data,https://datarade.ai/data-categories/wind-data/datasets,https://datarade.ai/search/products?keywords=Wind+Data
temperature-data,https://datarade.ai/data-categories/temperature-data/datasets,https://datarade.ai/search/products?keywords=Temperature+Data
weather-forecast-data,https://datarade.ai/data-categories/weather-forecast-data/datasets,https://datarade.ai/search/products?keywords=Weather+Forecast+Data
precipitation-data,https://datarade.ai/data-categories/precipitation-data/datasets,https://datarade.ai/search/products?keywords=Precipitation+Data
fire-data,https://datarade.ai/data-categories/fire-data/datasets,https://datarade.ai/search/products?keywords=Fire+Data
atmosphere-data,https://datarade.ai/data-categories/atmosphere-data/datasets,https://datarade.ai/search/products?keywords=Atmosphere+Data
pollen-data,https://datarade.ai/data-categories/pollen-data/datasets,https://datarade.ai/search/products?keywords=Pollen+Data
environmental-data,https://datarade.ai/data-categories/environmental-data/datasets,https://datarade.ai/search/products?keywords=Environmental+Data
waste-data,https://datarade.ai/data-categories/waste-data/datasets,https://datarade.ai/search/products?keywords=Waste+Data
ndvi-data,https://datarade.ai/data-categories/ndvi-data/datasets,https://datarade.ai/search/products?keywords=Ndvi+Data
geological-data,https://datarade.ai/data-categories/geological-data/datasets,https://datarade.ai/search/products?keywords=Geological+Data
surface-data,https://datarade.ai/data-categories/surface-data/datasets,https://datarade.ai/search/products?keywords=Surface+Data
natural-disaster-data,https://datarade.ai/data-categories/natural-disaster-data/datasets,https://datarade.ai/search/products?keywords=Natural+Disaster+Data
soil-data,https://datarade.ai/data-categories/soil-data/datasets,https://datarade.ai/search/products?keywords=Soil+Data
real-estate-data,https://datarade.ai/data-categories/real-estate-data/datasets,https://datarade.ai/search/products?keywords=Real+Estate+Data
real-estate-market-data,https://datarade.ai/data-categories/real-estate-market-data/datasets,https://datarade.ai/search/products?keywords=Real+Estate+Market+Data
home-ownership-data,https://datarade.ai/data-categories/home-ownership-data/datasets,https://datarade.ai/search/products?keywords=Home+Ownership+Data
property-data,https://datarade.ai/data-categories/property-data/datasets,https://datarade.ai/search/products?keywords=Property+Data
mortgage-data,https://datarade.ai/data-categories/mortgage-data/datasets,https://datarade.ai/search/products?keywords=Mortgage+Data
commercial-real-estate-data,https://datarade.ai/data-categories/commercial-real-estate-data/datasets,https://datarade.ai/search/products?keywords=Commercial+Real+Estate+Data
residential-real-estate-data,https://datarade.ai/data-categories/residential-real-estate-data/datasets,https://datarade.ai/search/products?keywords=Residential+Real+Estate+Data
real-estate-valuation-data,https://datarade.ai/data-categories/real-estate-valuation-data/datasets,https://datarade.ai/search/products?keywords=Real+Estate+Valuation+Data
urban-planning-data,https://datarade.ai/data-categories/urban-planning-data/datasets,https://datarade.ai/search/products?keywords=Urban+Planning+Data
real-time-real-estate-data,https://datarade.ai/data-categories/real-time-real-estate-data/datasets,https://datarade.ai/search/products?keywords=Real+Time+Real+Estate+Data
real-estate-transaction-data,https://datarade.ai/data-categories/real-estate-transaction-data/datasets,https://datarade.ai/search/products?keywords=Real+Estate+Transaction+Data
rental-data,https://datarade.ai/data-categories/rental-data/datasets,https://datarade.ai/search/products?keywords=Rental+Data
parcel-data,https://datarade.ai/data-categories/parcel-data/datasets,https://datarade.ai/search/products?keywords=Parcel+Data
construction-data,https://datarade.ai/data-categories/construction-data/datasets,https://datarade.ai/search/products?keywords=Construction+Data
contact-data,https://datarade.ai/data-categories/contact-data/datasets,https://datarade.ai/search/products?keywords=Contact+Data
phone-number-data,https://datarade.ai/data-categories/phone-number-data/datasets,https://datarade.ai/search/products?keywords=Phone+Number+Data
email-address-data,https://datarade.ai/data-categories/email-address-data/datasets,https://datarade.ai/search/products?keywords=Email+Address+Data
address-data,https://datarade.ai/data-categories/address-data/datasets,https://datarade.ai/search/products?keywords=Address+Data
b2b-contact-data,https://datarade.ai/data-categories/b2b-contact-data/datasets,https://datarade.ai/search/products?keywords=B2B+Contact+Data
b2c-contact-data,https://datarade.ai/data-categories/b2c-contact-data/datasets,https://datarade.ai/search/products?keywords=B2C+Contact+Data
web-data,https://datarade.ai/data-categories/web-data/datasets,https://datarade.ai/search/products?keywords=Web+Data
ip-address-data,https://datarade.ai/data-categories/ip-address-data/datasets,https://datarade.ai/search/products?keywords=Ip+Address+Data
web-search-data,https://datarade.ai/data-categories/web-search-data/datasets,https://datarade.ai/search/products?keywords=Web+Search+Data
web-browsing-data,https://datarade.ai/data-categories/web-browsing-data/datasets,https://datarade.ai/search/products?keywords=Web+Browsing+Data
web-activity-data,https://datarade.ai/data-categories/web-activity-data/datasets,https://datarade.ai/search/products?keywords=Web+Activity+Data
web-scraping-data,https://datarade.ai/data-categories/web-scraping-data/datasets,https://datarade.ai/search/products?keywords=Web+Scraping+Data
web-traffic-data,https://datarade.ai/data-categories/web-traffic-data/datasets,https://datarade.ai/search/products?keywords=Web+Traffic+Data
semantic-website-data,https://datarade.ai/data-categories/semantic-website-data/datasets,https://datarade.ai/search/products?keywords=Semantic+Website+Data
sentiment-data,https://datarade.ai/data-categories/sentiment-data/datasets,https://datarade.ai/search/products?keywords=Sentiment+Data
domain-name-data,https://datarade.ai/data-categories/domain-name-data/datasets,https://datarade.ai/search/products?keywords=Domain+Name+Data
clickstream-data,https://datarade.ai/data-categories/clickstream-data/datasets,https://datarade.ai/search/products?keywords=Clickstream+Data
social-media-data,https://datarade.ai/data-categories/social-media-data/datasets,https://datarade.ai/search/products?keywords=Social+Media+Data
transaction-data,https://datarade.ai/data-categories/transaction-data/datasets,https://datarade.ai/search/products?keywords=Transaction+Data
b2b-transaction-data,https://datarade.ai/data-categories/b2b-transaction-data/datasets,https://datarade.ai/search/products?keywords=B2B+Transaction+Data
sales-transaction-data,https://datarade.ai/data-categories/sales-transaction-data/datasets,https://datarade.ai/search/products?keywords=Sales+Transaction+Data
consumers-transaction-data,https://datarade.ai/data-categories/consumers-transaction-data/datasets,https://datarade.ai/search/products?keywords=Consumers+Transaction+Data
point-of-sale-pos-data,https://datarade.ai/data-categories/point-of-sale-pos-data/datasets,https://datarade.ai/search/products?keywords=Point+Of+Sale+Pos+Data
tickerized-transaction-data,https://datarade.ai/data-categories/tickerized-transaction-data/datasets,https://datarade.ai/search/products?keywords=Tickerized+Transaction+Data
electronic-payment-data,https://datarade.ai/data-categories/electronic-payment-data/datasets,https://datarade.ai/search/products?keywords=Electronic+Payment+Data
industrial-transaction-data,https://datarade.ai/data-categories/industrial-transaction-data/datasets,https://datarade.ai/search/products?keywords=Industrial+Transaction+Data
sku-level-transaction-data,https://datarade.ai/data-categories/sku-level-transaction-data/datasets,https://datarade.ai/search/products?keywords=Sku+Level+Transaction+Data
bank-transaction-data,https://datarade.ai/data-categories/bank-transaction-data/datasets,https://datarade.ai/search/products?keywords=Bank+Transaction+Data
bank-statement-data,https://datarade.ai/data-categories/bank-statement-data/datasets,https://datarade.ai/search/products?keywords=Bank+Statement+Data
legal-data,https://datarade.ai/data-categories/legal-data/datasets,https://datarade.ai/search/products?keywords=Legal+Data
intellectual-property-data,https://datarade.ai/data-categories/intellectual-property-data/datasets,https://datarade.ai/search/products?keywords=Intellectual+Property+Data
patent-data,https://datarade.ai/data-categories/patent-data/datasets,https://datarade.ai/search/products?keywords=Patent+Data
court-data,https://datarade.ai/data-categories/court-data/datasets,https://datarade.ai/search/products?keywords=Court+Data
litigation-data,https://datarade.ai/data-categories/litigation-data/datasets,https://datarade.ai/search/products?keywords=Litigation+Data
royalty-rates-data,https://datarade.ai/data-categories/royalty-rates-data/datasets,https://datarade.ai/search/products?keywords=Royalty+Rates+Data
trademark-data,https://datarade.ai/data-categories/trademark-data/datasets,https://datarade.ai/search/products?keywords=Trademark+Data
attorney-data,https://datarade.ai/data-categories/attorney-data/datasets,https://datarade.ai/search/products?keywords=Attorney+Data
legal-parties-data,https://datarade.ai/data-categories/legal-parties-data/datasets,https://datarade.ai/search/products?keywords=Legal+Parties+Data
copyright-data,https://datarade.ai/data-categories/copyright-data/datasets,https://datarade.ai/search/products?keywords=Copyright+Data
contract-data,https://datarade.ai/data-categories/contract-data/datasets,https://datarade.ai/search/products?keywords=Contract+Data
healthcare-data,https://datarade.ai/data-categories/healthcare-data/datasets,https://datarade.ai/search/products?keywords=Healthcare+Data
hospital-data,https://datarade.ai/data-categories/hospital-data/datasets,https://datarade.ai/search/products?keywords=Hospital+Data
healthcare-provider-hcp-data,https://datarade.ai/data-categories/healthcare-provider-hcp-data/datasets,https://datarade.ai/search/products?keywords=Healthcare+Provider+Hcp+Data
pharma-data,https://datarade.ai/data-categories/pharma-data/datasets,https://datarade.ai/search/products?keywords=Pharma+Data
medical-imagery-data,https://datarade.ai/data-categories/medical-imagery-data/datasets,https://datarade.ai/search/products?keywords=Medical+Imagery+Data
medical-claims-data,https://datarade.ai/data-categories/medical-claims-data/datasets,https://datarade.ai/search/products?keywords=Medical+Claims+Data
patient-data,https://datarade.ai/data-categories/patient-data/datasets,https://datarade.ai/search/products?keywords=Patient+Data
electronic-health-record-ehr-data,https://datarade.ai/data-categories/electronic-health-record-ehr-data/datasets,https://datarade.ai/search/products?keywords=Electronic+Health+Record+Ehr+Data
telemedicine-data,https://datarade.ai/data-categories/telemedicine-data/datasets,https://datarade.ai/search/products?keywords=Telemedicine+Data
covid-19-data,https://datarade.ai/data-categories/covid-19-data/datasets,https://datarade.ai/search/products?keywords=Covid+19+Data
wearables-data,https://datarade.ai/data-categories/wearables-data/datasets,https://datarade.ai/search/products?keywords=Wearables+Data
dental-data,https://datarade.ai/data-categories/dental-data/datasets,https://datarade.ai/search/products?keywords=Dental+Data
lab-test-data,https://datarade.ai/data-categories/lab-test-data/datasets,https://datarade.ai/search/products?keywords=Lab+Test+Data
donor-data,https://datarade.ai/data-categories/donor-data/datasets,https://datarade.ai/search/products?keywords=Donor+Data
data-categories,https://datarade.ai/data-categories/datasets,https://datarade.ai/search/products?keywords=Data+Categories
academic-data,https://datarade.ai/data-categories/academic-data/datasets,https://datarade.ai/search/products?keywords=Academic+Data
address-data,https://datarade.ai/data-categories/address-data/datasets,https://datarade.ai/search/products?keywords=Address+Data
ad-fraud-data,https://datarade.ai/data-categories/ad-fraud-data/datasets,https://datarade.ai/search/products?keywords=Ad+Fraud+Data
advertising-data,https://datarade.ai/data-categories/advertising-data/datasets,https://datarade.ai/search/products?keywords=Advertising+Data
aggregated-foot-traffic-data,https://datarade.ai/data-categories/aggregated-foot-traffic-data/datasets,https://datarade.ai/search/products?keywords=Aggregated+Foot+Traffic+Data
agricultural-data,https://datarade.ai/data-categories/agricultural-data/datasets,https://datarade.ai/search/products?keywords=Agricultural+Data
airbnb-data,https://datarade.ai/data-categories/airbnb-data/datasets,https://datarade.ai/search/products?keywords=Airbnb+Data
airbnb-listings-data,https://datarade.ai/data-categories/airbnb-listings-data/datasets,https://datarade.ai/search/products?keywords=Airbnb+Listings+Data
airbnb-occupancy-rate-data,https://datarade.ai/data-categories/airbnb-occupancy-rate-data/datasets,https://datarade.ai/search/products?keywords=Airbnb+Occupancy+Rate+Data
airport-data,https://datarade.ai/data-categories/airport-data/datasets,https://datarade.ai/search/products?keywords=Airport+Data
air-pressure-data,https://datarade.ai/data-categories/air-pressure-data/datasets,https://datarade.ai/search/products?keywords=Air+Pressure+Data
air-quality-index,https://datarade.ai/data-categories/air-quality-index/datasets,https://datarade.ai/search/products?keywords=Air+Quality+Index
ai-ml-training-data,https://datarade.ai/data-categories/ai-ml-training-data/datasets,https://datarade.ai/search/products?keywords=Ai+Ml+Training+Data
alibaba-data,https://datarade.ai/data-categories/alibaba-data/datasets,https://datarade.ai/search/products?keywords=Alibaba+Data
aliexpress-data,https://datarade.ai/data-categories/aliexpress-data/datasets,https://datarade.ai/search/products?keywords=Aliexpress+Data
alternative-credit-data,https://datarade.ai/data-categories/alternative-credit-data/datasets,https://datarade.ai/search/products?keywords=Alternative+Credit+Data
alternative-data,https://datarade.ai/data-categories/alternative-data/datasets,https://datarade.ai/search/products?keywords=Alternative+Data
alumni-data,https://datarade.ai/data-categories/alumni-data/datasets,https://datarade.ai/search/products?keywords=Alumni+Data
amazon-data,https://datarade.ai/data-categories/amazon-data/datasets,https://datarade.ai/search/products?keywords=Amazon+Data
amazon-reviews-data,https://datarade.ai/data-categories/amazon-reviews-data/datasets,https://datarade.ai/search/products?keywords=Amazon+Reviews+Data
amazon-sellers-data,https://datarade.ai/data-categories/amazon-sellers-data/datasets,https://datarade.ai/search/products?keywords=Amazon+Sellers+Data
android-app-data,https://datarade.ai/data-categories/android-app-data/datasets,https://datarade.ai/search/products?keywords=Android+App+Data
annotated-imagery-data,https://datarade.ai/data-categories/annotated-imagery-data/datasets,https://datarade.ai/search/products?keywords=Annotated+Imagery+Data
anonymous-ip-data,https://datarade.ai/data-categories/anonymous-ip-data/datasets,https://datarade.ai/search/products?keywords=Anonymous+Ip+Data
app-developer-data,https://datarade.ai/data-categories/app-developer-data/datasets,https://datarade.ai/search/products?keywords=App+Developer+Data
app-download-data,https://datarade.ai/data-categories/app-download-data/datasets,https://datarade.ai/search/products?keywords=App+Download+Data
app-industry-data,https://datarade.ai/data-categories/app-industry-data/datasets,https://datarade.ai/search/products?keywords=App+Industry+Data
app-install-data,https://datarade.ai/data-categories/app-install-data/datasets,https://datarade.ai/search/products?keywords=App+Install+Data
app-market-data,https://datarade.ai/data-categories/app-market-data/datasets,https://datarade.ai/search/products?keywords=App+Market+Data
app-revenue-data,https://datarade.ai/data-categories/app-revenue-data/datasets,https://datarade.ai/search/products?keywords=App+Revenue+Data
app-session-data,https://datarade.ai/data-categories/app-session-data/datasets,https://datarade.ai/search/products?keywords=App+Session+Data
app-store-data,https://datarade.ai/data-categories/app-store-data/datasets,https://datarade.ai/search/products?keywords=App+Store+Data
mobile-app-usage-data,https://datarade.ai/data-categories/mobile-app-usage-data/datasets,https://datarade.ai/search/products?keywords=Mobile+App+Usage+Data
asset-pricing-data,https://datarade.ai/data-categories/asset-pricing-data/datasets,https://datarade.ai/search/products?keywords=Asset+Pricing+Data
atmosphere-data,https://datarade.ai/data-categories/atmosphere-data/datasets,https://datarade.ai/search/products?keywords=Atmosphere+Data
attorney-data,https://datarade.ai/data-categories/attorney-data/datasets,https://datarade.ai/search/products?keywords=Attorney+Data
audience-data,https://datarade.ai/data-categories/audience-data/datasets,https://datarade.ai/search/products?keywords=Audience+Data
targeting-data,https://datarade.ai/data-categories/targeting-data/datasets,https://datarade.ai/search/products?keywords=Targeting+Data
audio-data,https://datarade.ai/data-categories/audio-data/datasets,https://datarade.ai/search/products?keywords=Audio+Data
automobile-transaction-data,https://datarade.ai/data-categories/automobile-transaction-data/datasets,https://datarade.ai/search/products?keywords=Automobile+Transaction+Data
automotive-consumer-data,https://datarade.ai/data-categories/automotive-consumer-data/datasets,https://datarade.ai/search/products?keywords=Automotive+Consumer+Data
automotive-data,https://datarade.ai/data-categories/automotive-data/datasets,https://datarade.ai/search/products?keywords=Automotive+Data
aviation-data,https://datarade.ai/data-categories/aviation-data/datasets,https://datarade.ai/search/products?keywords=Aviation+Data
b2b-contact-data,https://datarade.ai/data-categories/b2b-contact-data/datasets,https://datarade.ai/search/products?keywords=B2B+Contact+Data
b2b-data,https://datarade.ai/data-categories/b2b-data/datasets,https://datarade.ai/search/products?keywords=B2B+Data
b2b-email-data,https://datarade.ai/data-categories/b2b-email-data/datasets,https://datarade.ai/search/products?keywords=B2B+Email+Data
b2b-intent-data,https://datarade.ai/data-categories/b2b-intent-data/datasets,https://datarade.ai/search/products?keywords=B2B+Intent+Data
b2b-leads-data,https://datarade.ai/data-categories/b2b-leads-data/datasets,https://datarade.ai/search/products?keywords=B2B+Leads+Data
b2b-marketing-data,https://datarade.ai/data-categories/b2b-marketing-data/datasets,https://datarade.ai/search/products?keywords=B2B+Marketing+Data
b2b-transaction-data,https://datarade.ai/data-categories/b2b-transaction-data/datasets,https://datarade.ai/search/products?keywords=B2B+Transaction+Data
b2c-contact-data,https://datarade.ai/data-categories/b2c-contact-data/datasets,https://datarade.ai/search/products?keywords=B2C+Contact+Data
b2g-data,https://datarade.ai/data-categories/b2g-data/datasets,https://datarade.ai/search/products?keywords=B2G+Data
bank-credit-rating-data,https://datarade.ai/data-categories/bank-credit-rating-data/datasets,https://datarade.ai/search/products?keywords=Bank+Credit+Rating+Data
bank-data,https://datarade.ai/data-categories/bank-data/datasets,https://datarade.ai/search/products?keywords=Bank+Data
bankruptcy-data,https://datarade.ai/data-categories/bankruptcy-data/datasets,https://datarade.ai/search/products?keywords=Bankruptcy+Data
bank-statement-data,https://datarade.ai/data-categories/bank-statement-data/datasets,https://datarade.ai/search/products?keywords=Bank+Statement+Data
bank-transaction-data,https://datarade.ai/data-categories/bank-transaction-data/datasets,https://datarade.ai/search/products?keywords=Bank+Transaction+Data
beauty-cosmetics-data,https://datarade.ai/data-categories/beauty-cosmetics-data/datasets,https://datarade.ai/search/products?keywords=Beauty+Cosmetics+Data
bidstream-data,https://datarade.ai/data-categories/bidstream-data/datasets,https://datarade.ai/search/products?keywords=Bidstream+Data
bigcommerce-data,https://datarade.ai/data-categories/bigcommerce-data/datasets,https://datarade.ai/search/products?keywords=Bigcommerce+Data
bill-of-lading-data,https://datarade.ai/data-categories/bill-of-lading-data/datasets,https://datarade.ai/search/products?keywords=Bill+Of+Lading+Data
bing-data,https://datarade.ai/data-categories/bing-data/datasets,https://datarade.ai/search/products?keywords=Bing+Data
bitcoin-price-data,https://datarade.ai/data-categories/bitcoin-price-data/datasets,https://datarade.ai/search/products?keywords=Bitcoin+Price+Data
bond-credit-rating-data,https://datarade.ai/data-categories/bond-credit-rating-data/datasets,https://datarade.ai/search/products?keywords=Bond+Credit+Rating+Data
bond-data,https://datarade.ai/data-categories/bond-data/datasets,https://datarade.ai/search/products?keywords=Bond+Data
bond-pricing-data,https://datarade.ai/data-categories/bond-pricing-data/datasets,https://datarade.ai/search/products?keywords=Bond+Pricing+Data
brand-affinity-data,https://datarade.ai/data-categories/brand-affinity-data/datasets,https://datarade.ai/search/products?keywords=Brand+Affinity+Data
brand-data,https://datarade.ai/data-categories/brand-data/datasets,https://datarade.ai/search/products?keywords=Brand+Data
brand-reputation-data,https://datarade.ai/data-categories/brand-reputation-data/datasets,https://datarade.ai/search/products?keywords=Brand+Reputation+Data
brand-sentiment-data,https://datarade.ai/data-categories/brand-sentiment-data/datasets,https://datarade.ai/search/products?keywords=Brand+Sentiment+Data
broadband-coverage-data,https://datarade.ai/data-categories/broadband-coverage-data/datasets,https://datarade.ai/search/products?keywords=Broadband+Coverage+Data
broadband-data,https://datarade.ai/data-categories/broadband-data/datasets,https://datarade.ai/search/products?keywords=Broadband+Data
broadband-speed-data,https://datarade.ai/data-categories/broadband-speed-data/datasets,https://datarade.ai/search/products?keywords=Broadband+Speed+Data
building-footprint-data,https://datarade.ai/data-categories/building-footprint-data/datasets,https://datarade.ai/search/products?keywords=Building+Footprint+Data
business-listings-data,https://datarade.ai/data-categories/business-listings-data/datasets,https://datarade.ai/search/products?keywords=Business+Listings+Data
business-location-data,https://datarade.ai/data-categories/business-location-data/datasets,https://datarade.ai/search/products?keywords=Business+Location+Data
business-website-data,https://datarade.ai/data-categories/business-website-data/datasets,https://datarade.ai/search/products?keywords=Business+Website+Data
campaign-election-data,https://datarade.ai/data-categories/campaign-election-data/datasets,https://datarade.ai/search/products?keywords=Campaign+Election+Data
co2-data,https://datarade.ai/data-categories/co2-data/datasets,https://datarade.ai/search/products?keywords=Co2+Data
car-data,https://datarade.ai/data-categories/car-data/datasets,https://datarade.ai/search/products?keywords=Car+Data
card-holder-data,https://datarade.ai/data-categories/card-holder-data/datasets,https://datarade.ai/search/products?keywords=Card+Holder+Data
car-ownership-data,https://datarade.ai/data-categories/car-ownership-data/datasets,https://datarade.ai/search/products?keywords=Car+Ownership+Data
car-price-data,https://datarade.ai/data-categories/car-price-data/datasets,https://datarade.ai/search/products?keywords=Car+Price+Data
car-rental-data,https://datarade.ai/data-categories/car-rental-data/datasets,https://datarade.ai/search/products?keywords=Car+Rental+Data
car-spec-data,https://datarade.ai/data-categories/car-spec-data/datasets,https://datarade.ai/search/products?keywords=Car+Spec+Data
car-traffic-data,https://datarade.ai/data-categories/car-traffic-data/datasets,https://datarade.ai/search/products?keywords=Car+Traffic+Data
cell-tower-data,https://datarade.ai/data-categories/cell-tower-data/datasets,https://datarade.ai/search/products?keywords=Cell+Tower+Data
census-data,https://datarade.ai/data-categories/census-data/datasets,https://datarade.ai/search/products?keywords=Census+Data
ceo-contact-data,https://datarade.ai/data-categories/ceo-contact-data/datasets,https://datarade.ai/search/products?keywords=Ceo+Contact+Data
chatbot-training-data,https://datarade.ai/data-categories/chatbot-training-data/datasets,https://datarade.ai/search/products?keywords=Chatbot+Training+Data
clickstream-data,https://datarade.ai/data-categories/clickstream-data/datasets,https://datarade.ai/search/products?keywords=Clickstream+Data
climate-data,https://datarade.ai/data-categories/climate-data/datasets,https://datarade.ai/search/products?keywords=Climate+Data
climate-risk-data,https://datarade.ai/data-categories/climate-risk-data/datasets,https://datarade.ai/search/products?keywords=Climate+Risk+Data
clinical-data,https://datarade.ai/data-categories/clinical-data/datasets,https://datarade.ai/search/products?keywords=Clinical+Data
cloud-cover-data,https://datarade.ai/data-categories/cloud-cover-data/datasets,https://datarade.ai/search/products?keywords=Cloud+Cover+Data
retail-commerce-data,https://datarade.ai/data-categories/retail-commerce-data/datasets,https://datarade.ai/search/products?keywords=Retail+Commerce+Data
commercial-real-estate-data,https://datarade.ai/data-categories/commercial-real-estate-data/datasets,https://datarade.ai/search/products?keywords=Commercial+Real+Estate+Data
commercial-vehicle-data,https://datarade.ai/data-categories/commercial-vehicle-data/datasets,https://datarade.ai/search/products?keywords=Commercial+Vehicle+Data
commodity-data,https://datarade.ai/data-categories/commodity-data/datasets,https://datarade.ai/search/products?keywords=Commodity+Data
commodity-prices-data,https://datarade.ai/data-categories/commodity-prices-data/datasets,https://datarade.ai/search/products?keywords=Commodity+Prices+Data
company-data,https://datarade.ai/data-categories/company-data/datasets,https://datarade.ai/search/products?keywords=Company+Data
company-financial-data,https://datarade.ai/data-categories/company-financial-data/datasets,https://datarade.ai/search/products?keywords=Company+Financial+Data
company-funding-data,https://datarade.ai/data-categories/company-funding-data/datasets,https://datarade.ai/search/products?keywords=Company+Funding+Data
company-ip-data,https://datarade.ai/data-categories/company-ip-data/datasets,https://datarade.ai/search/products?keywords=Company+Ip+Data
company-registry-data,https://datarade.ai/data-categories/company-registry-data/datasets,https://datarade.ai/search/products?keywords=Company+Registry+Data
competitor-pricing-data,https://datarade.ai/data-categories/competitor-pricing-data/datasets,https://datarade.ai/search/products?keywords=Competitor+Pricing+Data
computer-vision-data,https://datarade.ai/data-categories/computer-vision-data/datasets,https://datarade.ai/search/products?keywords=Computer+Vision+Data
connected-tv-data,https://datarade.ai/data-categories/connected-tv-data/datasets,https://datarade.ai/search/products?keywords=Connected+Tv+Data
estimates-data,https://datarade.ai/data-categories/estimates-data/datasets,https://datarade.ai/search/products?keywords=Estimates+Data
construction-data,https://datarade.ai/data-categories/construction-data/datasets,https://datarade.ai/search/products?keywords=Construction+Data
construction-project-leads-data,https://datarade.ai/data-categories/construction-project-leads-data/datasets,https://datarade.ai/search/products?keywords=Construction+Project+Leads+Data
consumer-behavior-data,https://datarade.ai/data-categories/consumer-behavior-data/datasets,https://datarade.ai/search/products?keywords=Consumer+Behavior+Data
consumer-credit-rating-data,https://datarade.ai/data-categories/consumer-credit-rating-data/datasets,https://datarade.ai/search/products?keywords=Consumer+Credit+Rating+Data
consumer-data,https://datarade.ai/data-categories/consumer-data/datasets,https://datarade.ai/search/products?keywords=Consumer+Data
consumer-demographic-data,https://datarade.ai/data-categories/consumer-demographic-data/datasets,https://datarade.ai/search/products?keywords=Consumer+Demographic+Data
consumer-donation-data,https://datarade.ai/data-categories/consumer-donation-data/datasets,https://datarade.ai/search/products?keywords=Consumer+Donation+Data
consumer-marketing-data,https://datarade.ai/data-categories/consumer-marketing-data/datasets,https://datarade.ai/search/products?keywords=Consumer+Marketing+Data
consumer-purchase-data,https://datarade.ai/data-categories/consumer-purchase-data/datasets,https://datarade.ai/search/products?keywords=Consumer+Purchase+Data
consumer-review-data,https://datarade.ai/data-categories/consumer-review-data/datasets,https://datarade.ai/search/products?keywords=Consumer+Review+Data
consumer-sentiment-data,https://datarade.ai/data-categories/consumer-sentiment-data/datasets,https://datarade.ai/search/products?keywords=Consumer+Sentiment+Data
consumer-spending-data,https://datarade.ai/data-categories/consumer-spending-data/datasets,https://datarade.ai/search/products?keywords=Consumer+Spending+Data
consumers-transaction-data,https://datarade.ai/data-categories/consumers-transaction-data/datasets,https://datarade.ai/search/products?keywords=Consumers+Transaction+Data
consumer-travel-history-data,https://datarade.ai/data-categories/consumer-travel-history-data/datasets,https://datarade.ai/search/products?keywords=Consumer+Travel+History+Data
contact-data,https://datarade.ai/data-categories/contact-data/datasets,https://datarade.ai/search/products?keywords=Contact+Data
contract-data,https://datarade.ai/data-categories/contract-data/datasets,https://datarade.ai/search/products?keywords=Contract+Data
copyright-data,https://datarade.ai/data-categories/copyright-data/datasets,https://datarade.ai/search/products?keywords=Copyright+Data
corporate-actions-data,https://datarade.ai/data-categories/corporate-actions-data/datasets,https://datarade.ai/search/products?keywords=Corporate+Actions+Data
corporate-activism-data,https://datarade.ai/data-categories/corporate-activism-data/datasets,https://datarade.ai/search/products?keywords=Corporate+Activism+Data
corporate-credit-rating-data,https://datarade.ai/data-categories/corporate-credit-rating-data/datasets,https://datarade.ai/search/products?keywords=Corporate+Credit+Rating+Data
corporate-data,https://datarade.ai/data-categories/corporate-data/datasets,https://datarade.ai/search/products?keywords=Corporate+Data
corporate-loan-data,https://datarade.ai/data-categories/corporate-loan-data/datasets,https://datarade.ai/search/products?keywords=Corporate+Loan+Data
court-data,https://datarade.ai/data-categories/court-data/datasets,https://datarade.ai/search/products?keywords=Court+Data
covid-19-data,https://datarade.ai/data-categories/covid-19-data/datasets,https://datarade.ai/search/products?keywords=Covid+19+Data
coworking-data,https://datarade.ai/data-categories/coworking-data/datasets,https://datarade.ai/search/products?keywords=Coworking+Data
cpg-data,https://datarade.ai/data-categories/cpg-data/datasets,https://datarade.ai/search/products?keywords=Cpg+Data
credit-card-transaction-data,https://datarade.ai/data-categories/credit-card-transaction-data/datasets,https://datarade.ai/search/products?keywords=Credit+Card+Transaction+Data
credit-card-spending-data,https://datarade.ai/data-categories/credit-card-spending-data/datasets,https://datarade.ai/search/products?keywords=Credit+Card+Spending+Data
credit-default-swap-cds-data,https://datarade.ai/data-categories/credit-default-swap-cds-data/datasets,https://datarade.ai/search/products?keywords=Credit+Default+Swap+Cds+Data
credit-rating-data,https://datarade.ai/data-categories/credit-rating-data/datasets,https://datarade.ai/search/products?keywords=Credit+Rating+Data
crime-risk-data,https://datarade.ai/data-categories/crime-risk-data/datasets,https://datarade.ai/search/products?keywords=Crime+Risk+Data
cryptocurrency-data,https://datarade.ai/data-categories/cryptocurrency-data/datasets,https://datarade.ai/search/products?keywords=Cryptocurrency+Data
cryptocurrency-investor-data,https://datarade.ai/data-categories/cryptocurrency-investor-data/datasets,https://datarade.ai/search/products?keywords=Cryptocurrency+Investor+Data
crypto-trade-data,https://datarade.ai/data-categories/crypto-trade-data/datasets,https://datarade.ai/search/products?keywords=Crypto+Trade+Data
csr-data,https://datarade.ai/data-categories/csr-data/datasets,https://datarade.ai/search/products?keywords=Csr+Data
currency-data,https://datarade.ai/data-categories/currency-data/datasets,https://datarade.ai/search/products?keywords=Currency+Data
customer-experience-data,https://datarade.ai/data-categories/customer-experience-data/datasets,https://datarade.ai/search/products?keywords=Customer+Experience+Data
customer-feedback-data,https://datarade.ai/data-categories/customer-feedback-data/datasets,https://datarade.ai/search/products?keywords=Customer+Feedback+Data
customer-sentiment-data,https://datarade.ai/data-categories/customer-sentiment-data/datasets,https://datarade.ai/search/products?keywords=Customer+Sentiment+Data
customs-data,https://datarade.ai/data-categories/customs-data/datasets,https://datarade.ai/search/products?keywords=Customs+Data
cyber-risk-data,https://datarade.ai/data-categories/cyber-risk-data/datasets,https://datarade.ai/search/products?keywords=Cyber+Risk+Data
debit-card-transaction-data,https://datarade.ai/data-categories/debit-card-transaction-data/datasets,https://datarade.ai/search/products?keywords=Debit+Card+Transaction+Data
deep-learning-dl-data,https://datarade.ai/data-categories/deep-learning-dl-data/datasets,https://datarade.ai/search/products?keywords=Deep+Learning+Dl+Data
delayed-market-data,https://datarade.ai/data-categories/delayed-market-data/datasets,https://datarade.ai/search/products?keywords=Delayed+Market+Data
demographic-data,https://datarade.ai/data-categories/demographic-data/datasets,https://datarade.ai/search/products?keywords=Demographic+Data
dental-data,https://datarade.ai/data-categories/dental-data/datasets,https://datarade.ai/search/products?keywords=Dental+Data
derivatives-data,https://datarade.ai/data-categories/derivatives-data/datasets,https://datarade.ai/search/products?keywords=Derivatives+Data
derivatives-reference-data,https://datarade.ai/data-categories/derivatives-reference-data/datasets,https://datarade.ai/search/products?keywords=Derivatives+Reference+Data
device-graph-data,https://datarade.ai/data-categories/device-graph-data/datasets,https://datarade.ai/search/products?keywords=Device+Graph+Data
dew-point-data,https://datarade.ai/data-categories/dew-point-data/datasets,https://datarade.ai/search/products?keywords=Dew+Point+Data
diesel-price-data,https://datarade.ai/data-categories/diesel-price-data/datasets,https://datarade.ai/search/products?keywords=Diesel+Price+Data
digital-asset-data,https://datarade.ai/data-categories/digital-asset-data/datasets,https://datarade.ai/search/products?keywords=Digital+Asset+Data
digital-audience-data,https://datarade.ai/data-categories/digital-audience-data/datasets,https://datarade.ai/search/products?keywords=Digital+Audience+Data
digital-shelf-data,https://datarade.ai/data-categories/digital-shelf-data/datasets,https://datarade.ai/search/products?keywords=Digital+Shelf+Data
direct-marketing-data,https://datarade.ai/data-categories/direct-marketing-data/datasets,https://datarade.ai/search/products?keywords=Direct+Marketing+Data
dividend-data,https://datarade.ai/data-categories/dividend-data/datasets,https://datarade.ai/search/products?keywords=Dividend+Data
domain-name-data,https://datarade.ai/data-categories/domain-name-data/datasets,https://datarade.ai/search/products?keywords=Domain+Name+Data
donor-data,https://datarade.ai/data-categories/donor-data/datasets,https://datarade.ai/search/products?keywords=Donor+Data
driver-behavior-data,https://datarade.ai/data-categories/driver-behavior-data/datasets,https://datarade.ai/search/products?keywords=Driver+Behavior+Data
driving-license-data,https://datarade.ai/data-categories/driving-license-data/datasets,https://datarade.ai/search/products?keywords=Driving+License+Data
drug-data,https://datarade.ai/data-categories/drug-data/datasets,https://datarade.ai/search/products?keywords=Drug+Data
earning-calls-data,https://datarade.ai/data-categories/earning-calls-data/datasets,https://datarade.ai/search/products?keywords=Earning+Calls+Data
ebay-data,https://datarade.ai/data-categories/ebay-data/datasets,https://datarade.ai/search/products?keywords=Ebay+Data
ecommerce-company-data,https://datarade.ai/data-categories/ecommerce-company-data/datasets,https://datarade.ai/search/products?keywords=Ecommerce+Company+Data
ecommerce-data,https://datarade.ai/data-categories/ecommerce-data/datasets,https://datarade.ai/search/products?keywords=Ecommerce+Data
ecommerce-leads-data,https://datarade.ai/data-categories/ecommerce-leads-data/datasets,https://datarade.ai/search/products?keywords=Ecommerce+Leads+Data
ecommerce-market-data,https://datarade.ai/data-categories/ecommerce-market-data/datasets,https://datarade.ai/search/products?keywords=Ecommerce+Market+Data
ecommerce-merchant-data,https://datarade.ai/data-categories/ecommerce-merchant-data/datasets,https://datarade.ai/search/products?keywords=Ecommerce+Merchant+Data
ecommerce-product-data,https://datarade.ai/data-categories/ecommerce-product-data/datasets,https://datarade.ai/search/products?keywords=Ecommerce+Product+Data
ecommerce-purchases-data,https://datarade.ai/data-categories/ecommerce-purchases-data/datasets,https://datarade.ai/search/products?keywords=Ecommerce+Purchases+Data
ecommerce-sales-data,https://datarade.ai/data-categories/ecommerce-sales-data/datasets,https://datarade.ai/search/products?keywords=Ecommerce+Sales+Data
ecommerce-store-data,https://datarade.ai/data-categories/ecommerce-store-data/datasets,https://datarade.ai/search/products?keywords=Ecommerce+Store+Data
economic-data,https://datarade.ai/data-categories/economic-data/datasets,https://datarade.ai/search/products?keywords=Economic+Data
education-industry-data,https://datarade.ai/data-categories/education-industry-data/datasets,https://datarade.ai/search/products?keywords=Education+Industry+Data
education-marketing-data,https://datarade.ai/data-categories/education-marketing-data/datasets,https://datarade.ai/search/products?keywords=Education+Marketing+Data
electric-vehicle-charging-stations-data,https://datarade.ai/data-categories/electric-vehicle-charging-stations-data/datasets,https://datarade.ai/search/products?keywords=Electric+Vehicle+Charging+Stations+Data
electric-vehicle-ev-data,https://datarade.ai/data-categories/electric-vehicle-ev-data/datasets,https://datarade.ai/search/products?keywords=Electric+Vehicle+Ev+Data
electric-vehicle-manufacturer-data,https://datarade.ai/data-categories/electric-vehicle-manufacturer-data/datasets,https://datarade.ai/search/products?keywords=Electric+Vehicle+Manufacturer+Data
electronic-health-record-ehr-data,https://datarade.ai/data-categories/electronic-health-record-ehr-data/datasets,https://datarade.ai/search/products?keywords=Electronic+Health+Record+Ehr+Data
electronic-payment-data,https://datarade.ai/data-categories/electronic-payment-data/datasets,https://datarade.ai/search/products?keywords=Electronic+Payment+Data
electronics-transaction-data,https://datarade.ai/data-categories/electronics-transaction-data/datasets,https://datarade.ai/search/products?keywords=Electronics+Transaction+Data
email-address-data,https://datarade.ai/data-categories/email-address-data/datasets,https://datarade.ai/search/products?keywords=Email+Address+Data
email-receipt-data,https://datarade.ai/data-categories/email-receipt-data/datasets,https://datarade.ai/search/products?keywords=Email+Receipt+Data
employee-data,https://datarade.ai/data-categories/employee-data/datasets,https://datarade.ai/search/products?keywords=Employee+Data
energy-consumption-data,https://datarade.ai/data-categories/energy-consumption-data/datasets,https://datarade.ai/search/products?keywords=Energy+Consumption+Data
energy-data,https://datarade.ai/data-categories/energy-data/datasets,https://datarade.ai/search/products?keywords=Energy+Data
entertainment-data,https://datarade.ai/data-categories/entertainment-data/datasets,https://datarade.ai/search/products?keywords=Entertainment+Data
environmental-data,https://datarade.ai/data-categories/environmental-data/datasets,https://datarade.ai/search/products?keywords=Environmental+Data
environmental-risk-data,https://datarade.ai/data-categories/environmental-risk-data/datasets,https://datarade.ai/search/products?keywords=Environmental+Risk+Data
e-pos-data,https://datarade.ai/data-categories/e-pos-data/datasets,https://datarade.ai/search/products?keywords=E+Pos+Data
equity-market-data,https://datarade.ai/data-categories/equity-market-data/datasets,https://datarade.ai/search/products?keywords=Equity+Market+Data
e-receipt-data,https://datarade.ai/data-categories/e-receipt-data/datasets,https://datarade.ai/search/products?keywords=E+Receipt+Data
esg-country-rating-data,https://datarade.ai/data-categories/esg-country-rating-data/datasets,https://datarade.ai/search/products?keywords=Esg+Country+Rating+Data
esg-data,https://datarade.ai/data-categories/esg-data/datasets,https://datarade.ai/search/products?keywords=Esg+Data
esg-defense-weapons-data,https://datarade.ai/data-categories/esg-defense-weapons-data/datasets,https://datarade.ai/search/products?keywords=Esg+Defense+Weapons+Data
esg-fund-rating-data,https://datarade.ai/data-categories/esg-fund-rating-data/datasets,https://datarade.ai/search/products?keywords=Esg+Fund+Rating+Data
esg-risk-data,https://datarade.ai/data-categories/esg-risk-data/datasets,https://datarade.ai/search/products?keywords=Esg+Risk+Data
esports-data,https://datarade.ai/data-categories/esports-data/datasets,https://datarade.ai/search/products?keywords=Esports+Data
etf-data,https://datarade.ai/data-categories/etf-data/datasets,https://datarade.ai/search/products?keywords=Etf+Data
event-data,https://datarade.ai/data-categories/event-data/datasets,https://datarade.ai/search/products?keywords=Event+Data
e-waste-data,https://datarade.ai/data-categories/e-waste-data/datasets,https://datarade.ai/search/products?keywords=E+Waste+Data
executive-compensation-data,https://datarade.ai/data-categories/executive-compensation-data/datasets,https://datarade.ai/search/products?keywords=Executive+Compensation+Data
fashion-apparel-data,https://datarade.ai/data-categories/fashion-apparel-data/datasets,https://datarade.ai/search/products?keywords=Fashion+Apparel+Data
federal-court-data,https://datarade.ai/data-categories/federal-court-data/datasets,https://datarade.ai/search/products?keywords=Federal+Court+Data
federal-lobbying-data,https://datarade.ai/data-categories/federal-lobbying-data/datasets,https://datarade.ai/search/products?keywords=Federal+Lobbying+Data
filings-data,https://datarade.ai/data-categories/filings-data/datasets,https://datarade.ai/search/products?keywords=Filings+Data
financial-market-data,https://datarade.ai/data-categories/financial-market-data/datasets,https://datarade.ai/search/products?keywords=Financial+Market+Data
fire-data,https://datarade.ai/data-categories/fire-data/datasets,https://datarade.ai/search/products?keywords=Fire+Data
firmographic-data,https://datarade.ai/data-categories/firmographic-data/datasets,https://datarade.ai/search/products?keywords=Firmographic+Data
fixed-income-data,https://datarade.ai/data-categories/fixed-income-data/datasets,https://datarade.ai/search/products?keywords=Fixed+Income+Data
fixed-income-pricing-data,https://datarade.ai/data-categories/fixed-income-pricing-data/datasets,https://datarade.ai/search/products?keywords=Fixed+Income+Pricing+Data
fixed-income-reference-data,https://datarade.ai/data-categories/fixed-income-reference-data/datasets,https://datarade.ai/search/products?keywords=Fixed+Income+Reference+Data
fixed-network-coverage-data,https://datarade.ai/data-categories/fixed-network-coverage-data/datasets,https://datarade.ai/search/products?keywords=Fixed+Network+Coverage+Data
flexible-workspace-data,https://datarade.ai/data-categories/flexible-workspace-data/datasets,https://datarade.ai/search/products?keywords=Flexible+Workspace+Data
flight-aggregator-data,https://datarade.ai/data-categories/flight-aggregator-data/datasets,https://datarade.ai/search/products?keywords=Flight+Aggregator+Data
flight-data,https://datarade.ai/data-categories/flight-data/datasets,https://datarade.ai/search/products?keywords=Flight+Data
fmcg-data,https://datarade.ai/data-categories/fmcg-data/datasets,https://datarade.ai/search/products?keywords=Fmcg+Data
food-data,https://datarade.ai/data-categories/food-data/datasets,https://datarade.ai/search/products?keywords=Food+Data
food-grocery-data,https://datarade.ai/data-categories/food-grocery-data/datasets,https://datarade.ai/search/products?keywords=Food+Grocery+Data
food-grocery-transaction-data,https://datarade.ai/data-categories/food-grocery-transaction-data/datasets,https://datarade.ai/search/products?keywords=Food+Grocery+Transaction+Data
food-waste-data,https://datarade.ai/data-categories/food-waste-data/datasets,https://datarade.ai/search/products?keywords=Food+Waste+Data
football-data,https://datarade.ai/data-categories/football-data/datasets,https://datarade.ai/search/products?keywords=Football+Data
footfall-traffic-data,https://datarade.ai/data-categories/footfall-traffic-data/datasets,https://datarade.ai/search/products?keywords=Footfall+Traffic+Data
foreclosure-data,https://datarade.ai/data-categories/foreclosure-data/datasets,https://datarade.ai/search/products?keywords=Foreclosure+Data
forex-data,https://datarade.ai/data-categories/forex-data/datasets,https://datarade.ai/search/products?keywords=Forex+Data
fraud-detection-data,https://datarade.ai/data-categories/fraud-detection-data/datasets,https://datarade.ai/search/products?keywords=Fraud+Detection+Data
freight-data,https://datarade.ai/data-categories/freight-data/datasets,https://datarade.ai/search/products?keywords=Freight+Data
fuel-data,https://datarade.ai/data-categories/fuel-data/datasets,https://datarade.ai/search/products?keywords=Fuel+Data
fund-data,https://datarade.ai/data-categories/fund-data/datasets,https://datarade.ai/search/products?keywords=Fund+Data
fundraising-donor-data,https://datarade.ai/data-categories/fundraising-donor-data/datasets,https://datarade.ai/search/products?keywords=Fundraising+Donor+Data
futures-data,https://datarade.ai/data-categories/futures-data/datasets,https://datarade.ai/search/products?keywords=Futures+Data
futures-price-data,https://datarade.ai/data-categories/futures-price-data/datasets,https://datarade.ai/search/products?keywords=Futures+Price+Data
gaming-audience-data,https://datarade.ai/data-categories/gaming-audience-data/datasets,https://datarade.ai/search/products?keywords=Gaming+Audience+Data
gaming-data,https://datarade.ai/data-categories/gaming-data/datasets,https://datarade.ai/search/products?keywords=Gaming+Data
gaming-market-data,https://datarade.ai/data-categories/gaming-market-data/datasets,https://datarade.ai/search/products?keywords=Gaming+Market+Data
gasoline-price-data,https://datarade.ai/data-categories/gasoline-price-data/datasets,https://datarade.ai/search/products?keywords=Gasoline+Price+Data
gas-station-data,https://datarade.ai/data-categories/gas-station-data/datasets,https://datarade.ai/search/products?keywords=Gas+Station+Data
gas-station-location-data,https://datarade.ai/data-categories/gas-station-location-data/datasets,https://datarade.ai/search/products?keywords=Gas+Station+Location+Data
geodemographic-data,https://datarade.ai/data-categories/geodemographic-data/datasets,https://datarade.ai/search/products?keywords=Geodemographic+Data
geographic-data,https://datarade.ai/data-categories/geographic-data/datasets,https://datarade.ai/search/products?keywords=Geographic+Data
geological-data,https://datarade.ai/data-categories/geological-data/datasets,https://datarade.ai/search/products?keywords=Geological+Data
geospatial-data,https://datarade.ai/data-categories/geospatial-data/datasets,https://datarade.ai/search/products?keywords=Geospatial+Data
gift-card-data,https://datarade.ai/data-categories/gift-card-data/datasets,https://datarade.ai/search/products?keywords=Gift+Card+Data
gis-data,https://datarade.ai/data-categories/gis-data/datasets,https://datarade.ai/search/products?keywords=Gis+Data
glassdoor-data,https://datarade.ai/data-categories/glassdoor-data/datasets,https://datarade.ai/search/products?keywords=Glassdoor+Data
global-trade-data,https://datarade.ai/data-categories/global-trade-data/datasets,https://datarade.ai/search/products?keywords=Global+Trade+Data
global-warming-data,https://datarade.ai/data-categories/global-warming-data/datasets,https://datarade.ai/search/products?keywords=Global+Warming+Data
global-weather-data,https://datarade.ai/data-categories/global-weather-data/datasets,https://datarade.ai/search/products?keywords=Global+Weather+Data
google-data,https://datarade.ai/data-categories/google-data/datasets,https://datarade.ai/search/products?keywords=Google+Data
google-serp-data,https://datarade.ai/data-categories/google-serp-data/datasets,https://datarade.ai/search/products?keywords=Google+Serp+Data
government-congressional-data,https://datarade.ai/data-categories/government-congressional-data/datasets,https://datarade.ai/search/products?keywords=Government+Congressional+Data
greenhouse-gas-emissions-data,https://datarade.ai/data-categories/greenhouse-gas-emissions-data/datasets,https://datarade.ai/search/products?keywords=Greenhouse+Gas+Emissions+Data
hail-data,https://datarade.ai/data-categories/hail-data/datasets,https://datarade.ai/search/products?keywords=Hail+Data
healthcare-contact-data,https://datarade.ai/data-categories/healthcare-contact-data/datasets,https://datarade.ai/search/products?keywords=Healthcare+Contact+Data
healthcare-data,https://datarade.ai/data-categories/healthcare-data/datasets,https://datarade.ai/search/products?keywords=Healthcare+Data
healthcare-industry-leads-data,https://datarade.ai/data-categories/healthcare-industry-leads-data/datasets,https://datarade.ai/search/products?keywords=Healthcare+Industry+Leads+Data
healthcare-marketing-data,https://datarade.ai/data-categories/healthcare-marketing-data/datasets,https://datarade.ai/search/products?keywords=Healthcare+Marketing+Data
healthcare-provider-hcp-data,https://datarade.ai/data-categories/healthcare-provider-hcp-data/datasets,https://datarade.ai/search/products?keywords=Healthcare+Provider+Hcp+Data
hedge-funds-data,https://datarade.ai/data-categories/hedge-funds-data/datasets,https://datarade.ai/search/products?keywords=Hedge+Funds+Data
here-map-data,https://datarade.ai/data-categories/here-map-data/datasets,https://datarade.ai/search/products?keywords=Here+Map+Data
historical-weather-data,https://datarade.ai/data-categories/historical-weather-data/datasets,https://datarade.ai/search/products?keywords=Historical+Weather+Data
home-insurance-data,https://datarade.ai/data-categories/home-insurance-data/datasets,https://datarade.ai/search/products?keywords=Home+Insurance+Data
home-ownership-data,https://datarade.ai/data-categories/home-ownership-data/datasets,https://datarade.ai/search/products?keywords=Home+Ownership+Data
hospital-data,https://datarade.ai/data-categories/hospital-data/datasets,https://datarade.ai/search/products?keywords=Hospital+Data
hospitality-travel-tourism-data,https://datarade.ai/data-categories/hospitality-travel-tourism-data/datasets,https://datarade.ai/search/products?keywords=Hospitality+Travel+Tourism+Data
hotel-rates-pricing-data,https://datarade.ai/data-categories/hotel-rates-pricing-data/datasets,https://datarade.ai/search/products?keywords=Hotel+Rates+Pricing+Data
house-price-data,https://datarade.ai/data-categories/house-price-data/datasets,https://datarade.ai/search/products?keywords=House+Price+Data
hr-data,https://datarade.ai/data-categories/hr-data/datasets,https://datarade.ai/search/products?keywords=Hr+Data
humidity-data,https://datarade.ai/data-categories/humidity-data/datasets,https://datarade.ai/search/products?keywords=Humidity+Data
identity-data,https://datarade.ai/data-categories/identity-data/datasets,https://datarade.ai/search/products?keywords=Identity+Data
identity-graph-data,https://datarade.ai/data-categories/identity-graph-data/datasets,https://datarade.ai/search/products?keywords=Identity+Graph+Data
identity-linkage-data,https://datarade.ai/data-categories/identity-linkage-data/datasets,https://datarade.ai/search/products?keywords=Identity+Linkage+Data
impact-investing-data,https://datarade.ai/data-categories/impact-investing-data/datasets,https://datarade.ai/search/products?keywords=Impact+Investing+Data
implied-volatility-data,https://datarade.ai/data-categories/implied-volatility-data/datasets,https://datarade.ai/search/products?keywords=Implied+Volatility+Data
import-export-data,https://datarade.ai/data-categories/import-export-data/datasets,https://datarade.ai/search/products?keywords=Import+Export+Data
indeed-data,https://datarade.ai/data-categories/indeed-data/datasets,https://datarade.ai/search/products?keywords=Indeed+Data
indices-data,https://datarade.ai/data-categories/indices-data/datasets,https://datarade.ai/search/products?keywords=Indices+Data
industrial-transaction-data,https://datarade.ai/data-categories/industrial-transaction-data/datasets,https://datarade.ai/search/products?keywords=Industrial+Transaction+Data
industry-data,https://datarade.ai/data-categories/industry-data/datasets,https://datarade.ai/search/products?keywords=Industry+Data
inflation-data,https://datarade.ai/data-categories/inflation-data/datasets,https://datarade.ai/search/products?keywords=Inflation+Data
influenza-data,https://datarade.ai/data-categories/influenza-data/datasets,https://datarade.ai/search/products?keywords=Influenza+Data
infrastructure-data,https://datarade.ai/data-categories/infrastructure-data/datasets,https://datarade.ai/search/products?keywords=Infrastructure+Data
insider-trading-data,https://datarade.ai/data-categories/insider-trading-data/datasets,https://datarade.ai/search/products?keywords=Insider+Trading+Data
install-base-data,https://datarade.ai/data-categories/install-base-data/datasets,https://datarade.ai/search/products?keywords=Install+Base+Data
institutional-data,https://datarade.ai/data-categories/institutional-data/datasets,https://datarade.ai/search/products?keywords=Institutional+Data
in-store-data,https://datarade.ai/data-categories/in-store-data/datasets,https://datarade.ai/search/products?keywords=In+Store+Data
insurance-data,https://datarade.ai/data-categories/insurance-data/datasets,https://datarade.ai/search/products?keywords=Insurance+Data
intellectual-property-data,https://datarade.ai/data-categories/intellectual-property-data/datasets,https://datarade.ai/search/products?keywords=Intellectual+Property+Data
interest-data,https://datarade.ai/data-categories/interest-data/datasets,https://datarade.ai/search/products?keywords=Interest+Data
interest-rate-data,https://datarade.ai/data-categories/interest-rate-data/datasets,https://datarade.ai/search/products?keywords=Interest+Rate+Data
intraday-stock-data,https://datarade.ai/data-categories/intraday-stock-data/datasets,https://datarade.ai/search/products?keywords=Intraday+Stock+Data
investors-data,https://datarade.ai/data-categories/investors-data/datasets,https://datarade.ai/search/products?keywords=Investors+Data
invoice-data,https://datarade.ai/data-categories/invoice-data/datasets,https://datarade.ai/search/products?keywords=Invoice+Data
iot-data,https://datarade.ai/data-categories/iot-data/datasets,https://datarade.ai/search/products?keywords=Iot+Data
ip-address-data,https://datarade.ai/data-categories/ip-address-data/datasets,https://datarade.ai/search/products?keywords=Ip+Address+Data
ipo-data,https://datarade.ai/data-categories/ipo-data/datasets,https://datarade.ai/search/products?keywords=Ipo+Data
ip-proxy-data,https://datarade.ai/data-categories/ip-proxy-data/datasets,https://datarade.ai/search/products?keywords=Ip+Proxy+Data
ip-to-asn-data,https://datarade.ai/data-categories/ip-to-asn-data/datasets,https://datarade.ai/search/products?keywords=Ip+To+Asn+Data
ip-to-geolocation-data,https://datarade.ai/data-categories/ip-to-geolocation-data/datasets,https://datarade.ai/search/products?keywords=Ip+To+Geolocation+Data
iris-data,https://datarade.ai/data-categories/iris-data/datasets,https://datarade.ai/search/products?keywords=Iris+Data
isp-data,https://datarade.ai/data-categories/isp-data/datasets,https://datarade.ai/search/products?keywords=Isp+Data
job-market-data,https://datarade.ai/data-categories/job-market-data/datasets,https://datarade.ai/search/products?keywords=Job+Market+Data
job-postings-data,https://datarade.ai/data-categories/job-postings-data/datasets,https://datarade.ai/search/products?keywords=Job+Postings+Data
judge-data,https://datarade.ai/data-categories/judge-data/datasets,https://datarade.ai/search/products?keywords=Judge+Data
keyword-data,https://datarade.ai/data-categories/keyword-data/datasets,https://datarade.ai/search/products?keywords=Keyword+Data
kirana-data,https://datarade.ai/data-categories/kirana-data/datasets,https://datarade.ai/search/products?keywords=Kirana+Data
kyb-data,https://datarade.ai/data-categories/kyb-data/datasets,https://datarade.ai/search/products?keywords=Kyb+Data
kyc-data,https://datarade.ai/data-categories/kyc-data/datasets,https://datarade.ai/search/products?keywords=Kyc+Data
lab-test-data,https://datarade.ai/data-categories/lab-test-data/datasets,https://datarade.ai/search/products?keywords=Lab+Test+Data
land-use-data,https://datarade.ai/data-categories/land-use-data/datasets,https://datarade.ai/search/products?keywords=Land+Use+Data
large-language-model-llm-data,https://datarade.ai/data-categories/large-language-model-llm-data/datasets,https://datarade.ai/search/products?keywords=Large+Language+Model+Llm+Data
legal-data,https://datarade.ai/data-categories/legal-data/datasets,https://datarade.ai/search/products?keywords=Legal+Data
legal-parties-data,https://datarade.ai/data-categories/legal-parties-data/datasets,https://datarade.ai/search/products?keywords=Legal+Parties+Data
licensed-professionals-data,https://datarade.ai/data-categories/licensed-professionals-data/datasets,https://datarade.ai/search/products?keywords=Licensed+Professionals+Data
license-plate-data,https://datarade.ai/data-categories/license-plate-data/datasets,https://datarade.ai/search/products?keywords=License+Plate+Data
lightning-data,https://datarade.ai/data-categories/lightning-data/datasets,https://datarade.ai/search/products?keywords=Lightning+Data
linkedin-company-data,https://datarade.ai/data-categories/linkedin-company-data/datasets,https://datarade.ai/search/products?keywords=Linkedin+Company+Data
linkedin-data,https://datarade.ai/data-categories/linkedin-data/datasets,https://datarade.ai/search/products?keywords=Linkedin+Data
linkedin-profile-data,https://datarade.ai/data-categories/linkedin-profile-data/datasets,https://datarade.ai/search/products?keywords=Linkedin+Profile+Data
litigation-data,https://datarade.ai/data-categories/litigation-data/datasets,https://datarade.ai/search/products?keywords=Litigation+Data
lobbying-contract-data,https://datarade.ai/data-categories/lobbying-contract-data/datasets,https://datarade.ai/search/products?keywords=Lobbying+Contract+Data
lobbying-data,https://datarade.ai/data-categories/lobbying-data/datasets,https://datarade.ai/search/products?keywords=Lobbying+Data
lobbying-entity-data,https://datarade.ai/data-categories/lobbying-entity-data/datasets,https://datarade.ai/search/products?keywords=Lobbying+Entity+Data
lobbying-firm-data,https://datarade.ai/data-categories/lobbying-firm-data/datasets,https://datarade.ai/search/products?keywords=Lobbying+Firm+Data
lobbyist-data,https://datarade.ai/data-categories/lobbyist-data/datasets,https://datarade.ai/search/products?keywords=Lobbyist+Data
location-data,https://datarade.ai/data-categories/location-data/datasets,https://datarade.ai/search/products?keywords=Location+Data
logo-data,https://datarade.ai/data-categories/logo-data/datasets,https://datarade.ai/search/products?keywords=Logo+Data
loyalty-card-data,https://datarade.ai/data-categories/loyalty-card-data/datasets,https://datarade.ai/search/products?keywords=Loyalty+Card+Data
machine-learning-ml-data,https://datarade.ai/data-categories/machine-learning-ml-data/datasets,https://datarade.ai/search/products?keywords=Machine+Learning+Ml+Data
malware-data,https://datarade.ai/data-categories/malware-data/datasets,https://datarade.ai/search/products?keywords=Malware+Data
manufacturing-company-data,https://datarade.ai/data-categories/manufacturing-company-data/datasets,https://datarade.ai/search/products?keywords=Manufacturing+Company+Data
map-data,https://datarade.ai/data-categories/map-data/datasets,https://datarade.ai/search/products?keywords=Map+Data
marine-data,https://datarade.ai/data-categories/marine-data/datasets,https://datarade.ai/search/products?keywords=Marine+Data
marine-traffic-data,https://datarade.ai/data-categories/marine-traffic-data/datasets,https://datarade.ai/search/products?keywords=Marine+Traffic+Data
maritime-data,https://datarade.ai/data-categories/maritime-data/datasets,https://datarade.ai/search/products?keywords=Maritime+Data
marketing-data,https://datarade.ai/data-categories/marketing-data/datasets,https://datarade.ai/search/products?keywords=Marketing+Data
research-data,https://datarade.ai/data-categories/research-data/datasets,https://datarade.ai/search/products?keywords=Research+Data
medical-claims-data,https://datarade.ai/data-categories/medical-claims-data/datasets,https://datarade.ai/search/products?keywords=Medical+Claims+Data
medical-device-data,https://datarade.ai/data-categories/medical-device-data/datasets,https://datarade.ai/search/products?keywords=Medical+Device+Data
medical-imagery-data,https://datarade.ai/data-categories/medical-imagery-data/datasets,https://datarade.ai/search/products?keywords=Medical+Imagery+Data
medicare-data,https://datarade.ai/data-categories/medicare-data/datasets,https://datarade.ai/search/products?keywords=Medicare+Data
merger-acquisition-data,https://datarade.ai/data-categories/merger-acquisition-data/datasets,https://datarade.ai/search/products?keywords=Merger+Acquisition+Data
metal-pricing-data,https://datarade.ai/data-categories/metal-pricing-data/datasets,https://datarade.ai/search/products?keywords=Metal+Pricing+Data
methane-data,https://datarade.ai/data-categories/methane-data/datasets,https://datarade.ai/search/products?keywords=Methane+Data
metocean-data,https://datarade.ai/data-categories/metocean-data/datasets,https://datarade.ai/search/products?keywords=Metocean+Data
app-data,https://datarade.ai/data-categories/app-data/datasets,https://datarade.ai/search/products?keywords=App+Data
mobile-attribution-data,https://datarade.ai/data-categories/mobile-attribution-data/datasets,https://datarade.ai/search/products?keywords=Mobile+Attribution+Data
mobile-broadband-data,https://datarade.ai/data-categories/mobile-broadband-data/datasets,https://datarade.ai/search/products?keywords=Mobile+Broadband+Data
mobile-ip-data,https://datarade.ai/data-categories/mobile-ip-data/datasets,https://datarade.ai/search/products?keywords=Mobile+Ip+Data
mobile-location-data,https://datarade.ai/data-categories/mobile-location-data/datasets,https://datarade.ai/search/products?keywords=Mobile+Location+Data
mobile-network-coverage,https://datarade.ai/data-categories/mobile-network-coverage/datasets,https://datarade.ai/search/products?keywords=Mobile+Network+Coverage
mobility-data,https://datarade.ai/data-categories/mobility-data/datasets,https://datarade.ai/search/products?keywords=Mobility+Data
mortgage-data,https://datarade.ai/data-categories/mortgage-data/datasets,https://datarade.ai/search/products?keywords=Mortgage+Data
mortgage-loans-data,https://datarade.ai/data-categories/mortgage-loans-data/datasets,https://datarade.ai/search/products?keywords=Mortgage+Loans+Data
mortgage-rates-data,https://datarade.ai/data-categories/mortgage-rates-data/datasets,https://datarade.ai/search/products?keywords=Mortgage+Rates+Data
music-data,https://datarade.ai/data-categories/music-data/datasets,https://datarade.ai/search/products?keywords=Music+Data
mutual-funds-data,https://datarade.ai/data-categories/mutual-funds-data/datasets,https://datarade.ai/search/products?keywords=Mutual+Funds+Data
natural-disaster-data,https://datarade.ai/data-categories/natural-disaster-data/datasets,https://datarade.ai/search/products?keywords=Natural+Disaster+Data
natural-language-processing-nlp-data,https://datarade.ai/data-categories/natural-language-processing-nlp-data/datasets,https://datarade.ai/search/products?keywords=Natural+Language+Processing+Nlp+Data
ndvi-data,https://datarade.ai/data-categories/ndvi-data/datasets,https://datarade.ai/search/products?keywords=Ndvi+Data
netflix-data,https://datarade.ai/data-categories/netflix-data/datasets,https://datarade.ai/search/products?keywords=Netflix+Data
new-homeowner-data,https://datarade.ai/data-categories/new-homeowner-data/datasets,https://datarade.ai/search/products?keywords=New+Homeowner+Data
news-data,https://datarade.ai/data-categories/news-data/datasets,https://datarade.ai/search/products?keywords=News+Data
national-provider-identifier-npi-data,https://datarade.ai/data-categories/national-provider-identifier-npi-data/datasets,https://datarade.ai/search/products?keywords=National+Provider+Identifier+Npi+Data
nursing-data,https://datarade.ai/data-categories/nursing-data/datasets,https://datarade.ai/search/products?keywords=Nursing+Data
object-detection-data,https://datarade.ai/data-categories/object-detection-data/datasets,https://datarade.ai/search/products?keywords=Object+Detection+Data
occupancy-data,https://datarade.ai/data-categories/occupancy-data/datasets,https://datarade.ai/search/products?keywords=Occupancy+Data
oceanographic-data,https://datarade.ai/data-categories/oceanographic-data/datasets,https://datarade.ai/search/products?keywords=Oceanographic+Data
odds-betting-data,https://datarade.ai/data-categories/odds-betting-data/datasets,https://datarade.ai/search/products?keywords=Odds+Betting+Data
odds-data,https://datarade.ai/data-categories/odds-data/datasets,https://datarade.ai/search/products?keywords=Odds+Data
oil-data,https://datarade.ai/data-categories/oil-data/datasets,https://datarade.ai/search/products?keywords=Oil+Data
oil-gas-data,https://datarade.ai/data-categories/oil-gas-data/datasets,https://datarade.ai/search/products?keywords=Oil+Gas+Data
oil-refinery-data,https://datarade.ai/data-categories/oil-refinery-data/datasets,https://datarade.ai/search/products?keywords=Oil+Refinery+Data
online-marketplace-data,https://datarade.ai/data-categories/online-marketplace-data/datasets,https://datarade.ai/search/products?keywords=Online+Marketplace+Data
online-purchase-data,https://datarade.ai/data-categories/online-purchase-data/datasets,https://datarade.ai/search/products?keywords=Online+Purchase+Data
online-search-trends-data,https://datarade.ai/data-categories/online-search-trends-data/datasets,https://datarade.ai/search/products?keywords=Online+Search+Trends+Data
online-shopping-data,https://datarade.ai/data-categories/online-shopping-data/datasets,https://datarade.ai/search/products?keywords=Online+Shopping+Data
online-travel-agency-ota-data,https://datarade.ai/data-categories/online-travel-agency-ota-data/datasets,https://datarade.ai/search/products?keywords=Online+Travel+Agency+Ota+Data
options-data,https://datarade.ai/data-categories/options-data/datasets,https://datarade.ai/search/products?keywords=Options+Data
options-price-data,https://datarade.ai/data-categories/options-price-data/datasets,https://datarade.ai/search/products?keywords=Options+Price+Data
order-book-data,https://datarade.ai/data-categories/order-book-data/datasets,https://datarade.ai/search/products?keywords=Order+Book+Data
otc-data,https://datarade.ai/data-categories/otc-data/datasets,https://datarade.ai/search/products?keywords=Otc+Data
otc-derivatives-data,https://datarade.ai/data-categories/otc-derivatives-data/datasets,https://datarade.ai/search/products?keywords=Otc+Derivatives+Data
otc-reference-data,https://datarade.ai/data-categories/otc-reference-data/datasets,https://datarade.ai/search/products?keywords=Otc+Reference+Data
ott-over-the-top-data,https://datarade.ai/data-categories/ott-over-the-top-data/datasets,https://datarade.ai/search/products?keywords=Ott+Over+The+Top+Data
survey-data,https://datarade.ai/data-categories/survey-data/datasets,https://datarade.ai/search/products?keywords=Survey+Data
parcel-data,https://datarade.ai/data-categories/parcel-data/datasets,https://datarade.ai/search/products?keywords=Parcel+Data
parking-availability-data,https://datarade.ai/data-categories/parking-availability-data/datasets,https://datarade.ai/search/products?keywords=Parking+Availability+Data
patent-data,https://datarade.ai/data-categories/patent-data/datasets,https://datarade.ai/search/products?keywords=Patent+Data
patient-data,https://datarade.ai/data-categories/patient-data/datasets,https://datarade.ai/search/products?keywords=Patient+Data
paypal-transaction-data,https://datarade.ai/data-categories/paypal-transaction-data/datasets,https://datarade.ai/search/products?keywords=Paypal+Transaction+Data
payroll-data,https://datarade.ai/data-categories/payroll-data/datasets,https://datarade.ai/search/products?keywords=Payroll+Data
pet-owner-data,https://datarade.ai/data-categories/pet-owner-data/datasets,https://datarade.ai/search/products?keywords=Pet+Owner+Data
petrol-price-data,https://datarade.ai/data-categories/petrol-price-data/datasets,https://datarade.ai/search/products?keywords=Petrol+Price+Data
pharma-data,https://datarade.ai/data-categories/pharma-data/datasets,https://datarade.ai/search/products?keywords=Pharma+Data
phone-number-data,https://datarade.ai/data-categories/phone-number-data/datasets,https://datarade.ai/search/products?keywords=Phone+Number+Data
places-data,https://datarade.ai/data-categories/places-data/datasets,https://datarade.ai/search/products?keywords=Places+Data
plastic-waste-data,https://datarade.ai/data-categories/plastic-waste-data/datasets,https://datarade.ai/search/products?keywords=Plastic+Waste+Data
podcast-data,https://datarade.ai/data-categories/podcast-data/datasets,https://datarade.ai/search/products?keywords=Podcast+Data
point-of-interest-poi-data,https://datarade.ai/data-categories/point-of-interest-poi-data/datasets,https://datarade.ai/search/products?keywords=Point+Of+Interest+Poi+Data
point-of-sale-pos-data,https://datarade.ai/data-categories/point-of-sale-pos-data/datasets,https://datarade.ai/search/products?keywords=Point+Of+Sale+Pos+Data
policy-expiration-data,https://datarade.ai/data-categories/policy-expiration-data/datasets,https://datarade.ai/search/products?keywords=Policy+Expiration+Data
political-data,https://datarade.ai/data-categories/political-data/datasets,https://datarade.ai/search/products?keywords=Political+Data
political-risk-data,https://datarade.ai/data-categories/political-risk-data/datasets,https://datarade.ai/search/products?keywords=Political+Risk+Data
pollen-data,https://datarade.ai/data-categories/pollen-data/datasets,https://datarade.ai/search/products?keywords=Pollen+Data
polygon-data,https://datarade.ai/data-categories/polygon-data/datasets,https://datarade.ai/search/products?keywords=Polygon+Data
population-data,https://datarade.ai/data-categories/population-data/datasets,https://datarade.ai/search/products?keywords=Population+Data
pos-transaction-data,https://datarade.ai/data-categories/pos-transaction-data/datasets,https://datarade.ai/search/products?keywords=Pos+Transaction+Data
precipitation-data,https://datarade.ai/data-categories/precipitation-data/datasets,https://datarade.ai/search/products?keywords=Precipitation+Data
private-company-data,https://datarade.ai/data-categories/private-company-data/datasets,https://datarade.ai/search/products?keywords=Private+Company+Data
private-equity-data,https://datarade.ai/data-categories/private-equity-data/datasets,https://datarade.ai/search/products?keywords=Private+Equity+Data
private-equity-pe-funding-data,https://datarade.ai/data-categories/private-equity-pe-funding-data/datasets,https://datarade.ai/search/products?keywords=Private+Equity+Pe+Funding+Data
procurement-data,https://datarade.ai/data-categories/procurement-data/datasets,https://datarade.ai/search/products?keywords=Procurement+Data
product-data,https://datarade.ai/data-categories/product-data/datasets,https://datarade.ai/search/products?keywords=Product+Data
pricing-data,https://datarade.ai/data-categories/pricing-data/datasets,https://datarade.ai/search/products?keywords=Pricing+Data
product-review-data,https://datarade.ai/data-categories/product-review-data/datasets,https://datarade.ai/search/products?keywords=Product+Review+Data
property-data,https://datarade.ai/data-categories/property-data/datasets,https://datarade.ai/search/products?keywords=Property+Data
property-listings-data,https://datarade.ai/data-categories/property-listings-data/datasets,https://datarade.ai/search/products?keywords=Property+Listings+Data
property-market-data,https://datarade.ai/data-categories/property-market-data/datasets,https://datarade.ai/search/products?keywords=Property+Market+Data
property-owner-data,https://datarade.ai/data-categories/property-owner-data/datasets,https://datarade.ai/search/products?keywords=Property+Owner+Data
property-transaction-data,https://datarade.ai/data-categories/property-transaction-data/datasets,https://datarade.ai/search/products?keywords=Property+Transaction+Data
proprietary-market-data,https://datarade.ai/data-categories/proprietary-market-data/datasets,https://datarade.ai/search/products?keywords=Proprietary+Market+Data
prospects-data,https://datarade.ai/data-categories/prospects-data/datasets,https://datarade.ai/search/products?keywords=Prospects+Data
psychographic-data,https://datarade.ai/data-categories/psychographic-data/datasets,https://datarade.ai/search/products?keywords=Psychographic+Data
public-sector-data,https://datarade.ai/data-categories/public-sector-data/datasets,https://datarade.ai/search/products?keywords=Public+Sector+Data
purchase-intent-data,https://datarade.ai/data-categories/purchase-intent-data/datasets,https://datarade.ai/search/products?keywords=Purchase+Intent+Data
quantitative-model-data,https://datarade.ai/data-categories/quantitative-model-data/datasets,https://datarade.ai/search/products?keywords=Quantitative+Model+Data
rail-traffic-data,https://datarade.ai/data-categories/rail-traffic-data/datasets,https://datarade.ai/search/products?keywords=Rail+Traffic+Data
rainfall-data,https://datarade.ai/data-categories/rainfall-data/datasets,https://datarade.ai/search/products?keywords=Rainfall+Data
raw-esg-data,https://datarade.ai/data-categories/raw-esg-data/datasets,https://datarade.ai/search/products?keywords=Raw+Esg+Data
real-estate-data,https://datarade.ai/data-categories/real-estate-data/datasets,https://datarade.ai/search/products?keywords=Real+Estate+Data
real-estate-funds-data,https://datarade.ai/data-categories/real-estate-funds-data/datasets,https://datarade.ai/search/products?keywords=Real+Estate+Funds+Data
real-estate-investment-trust-reit-data,https://datarade.ai/data-categories/real-estate-investment-trust-reit-data/datasets,https://datarade.ai/search/products?keywords=Real+Estate+Investment+Trust+Reit+Data
real-estate-market-data,https://datarade.ai/data-categories/real-estate-market-data/datasets,https://datarade.ai/search/products?keywords=Real+Estate+Market+Data
real-estate-transaction-data,https://datarade.ai/data-categories/real-estate-transaction-data/datasets,https://datarade.ai/search/products?keywords=Real+Estate+Transaction+Data
real-estate-valuation-data,https://datarade.ai/data-categories/real-estate-valuation-data/datasets,https://datarade.ai/search/products?keywords=Real+Estate+Valuation+Data
real-time-bidding-data,https://datarade.ai/data-categories/real-time-bidding-data/datasets,https://datarade.ai/search/products?keywords=Real+Time+Bidding+Data
real-time-foot-traffic-data,https://datarade.ai/data-categories/real-time-foot-traffic-data/datasets,https://datarade.ai/search/products?keywords=Real+Time+Foot+Traffic+Data
real-time-real-estate-data,https://datarade.ai/data-categories/real-time-real-estate-data/datasets,https://datarade.ai/search/products?keywords=Real+Time+Real+Estate+Data
real-time-market-data,https://datarade.ai/data-categories/real-time-market-data/datasets,https://datarade.ai/search/products?keywords=Real+Time+Market+Data
real-time-weather-data,https://datarade.ai/data-categories/real-time-weather-data/datasets,https://datarade.ai/search/products?keywords=Real+Time+Weather+Data
receipt-data,https://datarade.ai/data-categories/receipt-data/datasets,https://datarade.ai/search/products?keywords=Receipt+Data
recruiting-data,https://datarade.ai/data-categories/recruiting-data/datasets,https://datarade.ai/search/products?keywords=Recruiting+Data
reddit-data,https://datarade.ai/data-categories/reddit-data/datasets,https://datarade.ai/search/products?keywords=Reddit+Data
reference-data,https://datarade.ai/data-categories/reference-data/datasets,https://datarade.ai/search/products?keywords=Reference+Data
refinance-data,https://datarade.ai/data-categories/refinance-data/datasets,https://datarade.ai/search/products?keywords=Refinance+Data
regulatory-company-data,https://datarade.ai/data-categories/regulatory-company-data/datasets,https://datarade.ai/search/products?keywords=Regulatory+Company+Data
rental-data,https://datarade.ai/data-categories/rental-data/datasets,https://datarade.ai/search/products?keywords=Rental+Data
residential-real-estate-data,https://datarade.ai/data-categories/residential-real-estate-data/datasets,https://datarade.ai/search/products?keywords=Residential+Real+Estate+Data
restaurant-data,https://datarade.ai/data-categories/restaurant-data/datasets,https://datarade.ai/search/products?keywords=Restaurant+Data
restaurant-food-delivery-transaction-data,https://datarade.ai/data-categories/restaurant-food-delivery-transaction-data/datasets,https://datarade.ai/search/products?keywords=Restaurant+Food+Delivery+Transaction+Data
restaurant-location-data,https://datarade.ai/data-categories/restaurant-location-data/datasets,https://datarade.ai/search/products?keywords=Restaurant+Location+Data
restaurant-traffic-data,https://datarade.ai/data-categories/restaurant-traffic-data/datasets,https://datarade.ai/search/products?keywords=Restaurant+Traffic+Data
retail-data,https://datarade.ai/data-categories/retail-data/datasets,https://datarade.ai/search/products?keywords=Retail+Data
retail-sales-data,https://datarade.ai/data-categories/retail-sales-data/datasets,https://datarade.ai/search/products?keywords=Retail+Sales+Data
retail-store-data,https://datarade.ai/data-categories/retail-store-data/datasets,https://datarade.ai/search/products?keywords=Retail+Store+Data
retail-transaction-data,https://datarade.ai/data-categories/retail-transaction-data/datasets,https://datarade.ai/search/products?keywords=Retail+Transaction+Data
ride-sharing-data,https://datarade.ai/data-categories/ride-sharing-data/datasets,https://datarade.ai/search/products?keywords=Ride+Sharing+Data
risk-data,https://datarade.ai/data-categories/risk-data/datasets,https://datarade.ai/search/products?keywords=Risk+Data
road-condition-data,https://datarade.ai/data-categories/road-condition-data/datasets,https://datarade.ai/search/products?keywords=Road+Condition+Data
road-data,https://datarade.ai/data-categories/road-data/datasets,https://datarade.ai/search/products?keywords=Road+Data
royalty-rates-data,https://datarade.ai/data-categories/royalty-rates-data/datasets,https://datarade.ai/search/products?keywords=Royalty+Rates+Data
salary-data,https://datarade.ai/data-categories/salary-data/datasets,https://datarade.ai/search/products?keywords=Salary+Data
sales-data,https://datarade.ai/data-categories/sales-data/datasets,https://datarade.ai/search/products?keywords=Sales+Data
sales-transaction-data,https://datarade.ai/data-categories/sales-transaction-data/datasets,https://datarade.ai/search/products?keywords=Sales+Transaction+Data
sanctions-data,https://datarade.ai/data-categories/sanctions-data/datasets,https://datarade.ai/search/products?keywords=Sanctions+Data
satellite-data,https://datarade.ai/data-categories/satellite-data/datasets,https://datarade.ai/search/products?keywords=Satellite+Data
satellite-imagery-data,https://datarade.ai/data-categories/satellite-imagery-data/datasets,https://datarade.ai/search/products?keywords=Satellite+Imagery+Data
school-data,https://datarade.ai/data-categories/school-data/datasets,https://datarade.ai/search/products?keywords=School+Data
sdk-data,https://datarade.ai/data-categories/sdk-data/datasets,https://datarade.ai/search/products?keywords=Sdk+Data
search-engine-data,https://datarade.ai/data-categories/search-engine-data/datasets,https://datarade.ai/search/products?keywords=Search+Engine+Data
securities-reference-data,https://datarade.ai/data-categories/securities-reference-data/datasets,https://datarade.ai/search/products?keywords=Securities+Reference+Data
segmentation-data,https://datarade.ai/data-categories/segmentation-data/datasets,https://datarade.ai/search/products?keywords=Segmentation+Data
seller-data,https://datarade.ai/data-categories/seller-data/datasets,https://datarade.ai/search/products?keywords=Seller+Data
seller-ratings-data,https://datarade.ai/data-categories/seller-ratings-data/datasets,https://datarade.ai/search/products?keywords=Seller+Ratings+Data
semantic-website-data,https://datarade.ai/data-categories/semantic-website-data/datasets,https://datarade.ai/search/products?keywords=Semantic+Website+Data
sentiment-data,https://datarade.ai/data-categories/sentiment-data/datasets,https://datarade.ai/search/products?keywords=Sentiment+Data
seo-data,https://datarade.ai/data-categories/seo-data/datasets,https://datarade.ai/search/products?keywords=Seo+Data
serp-data,https://datarade.ai/data-categories/serp-data/datasets,https://datarade.ai/search/products?keywords=Serp+Data
severe-weather-data,https://datarade.ai/data-categories/severe-weather-data/datasets,https://datarade.ai/search/products?keywords=Severe+Weather+Data
share-market-data,https://datarade.ai/data-categories/share-market-data/datasets,https://datarade.ai/search/products?keywords=Share+Market+Data
ship-data,https://datarade.ai/data-categories/ship-data/datasets,https://datarade.ai/search/products?keywords=Ship+Data
shipment-data,https://datarade.ai/data-categories/shipment-data/datasets,https://datarade.ai/search/products?keywords=Shipment+Data
shipping-delivery-data,https://datarade.ai/data-categories/shipping-delivery-data/datasets,https://datarade.ai/search/products?keywords=Shipping+Delivery+Data
shopify-data,https://datarade.ai/data-categories/shopify-data/datasets,https://datarade.ai/search/products?keywords=Shopify+Data
shopper-data,https://datarade.ai/data-categories/shopper-data/datasets,https://datarade.ai/search/products?keywords=Shopper+Data
short-interest-data,https://datarade.ai/data-categories/short-interest-data/datasets,https://datarade.ai/search/products?keywords=Short+Interest+Data
short-term-rental-data,https://datarade.ai/data-categories/short-term-rental-data/datasets,https://datarade.ai/search/products?keywords=Short+Term+Rental+Data
sic-data,https://datarade.ai/data-categories/sic-data/datasets,https://datarade.ai/search/products?keywords=Sic+Data
skill-taxonomy-data,https://datarade.ai/data-categories/skill-taxonomy-data/datasets,https://datarade.ai/search/products?keywords=Skill+Taxonomy+Data
ski-resort-data,https://datarade.ai/data-categories/ski-resort-data/datasets,https://datarade.ai/search/products?keywords=Ski+Resort+Data
sku-level-transaction-data,https://datarade.ai/data-categories/sku-level-transaction-data/datasets,https://datarade.ai/search/products?keywords=Sku+Level+Transaction+Data
small-business-contact-data,https://datarade.ai/data-categories/small-business-contact-data/datasets,https://datarade.ai/search/products?keywords=Small+Business+Contact+Data
snowfall-data,https://datarade.ai/data-categories/snowfall-data/datasets,https://datarade.ai/search/products?keywords=Snowfall+Data
social-media-data,https://datarade.ai/data-categories/social-media-data/datasets,https://datarade.ai/search/products?keywords=Social+Media+Data
soil-data,https://datarade.ai/data-categories/soil-data/datasets,https://datarade.ai/search/products?keywords=Soil+Data
solar-data,https://datarade.ai/data-categories/solar-data/datasets,https://datarade.ai/search/products?keywords=Solar+Data
solar-energy-data,https://datarade.ai/data-categories/solar-energy-data/datasets,https://datarade.ai/search/products?keywords=Solar+Energy+Data
sovereign-credit-rating-data,https://datarade.ai/data-categories/sovereign-credit-rating-data/datasets,https://datarade.ai/search/products?keywords=Sovereign+Credit+Rating+Data
special-offer-promotion-data,https://datarade.ai/data-categories/special-offer-promotion-data/datasets,https://datarade.ai/search/products?keywords=Special+Offer+Promotion+Data
speech-data,https://datarade.ai/data-categories/speech-data/datasets,https://datarade.ai/search/products?keywords=Speech+Data
spending-data,https://datarade.ai/data-categories/spending-data/datasets,https://datarade.ai/search/products?keywords=Spending+Data
sports-data,https://datarade.ai/data-categories/sports-data/datasets,https://datarade.ai/search/products?keywords=Sports+Data
startup-data,https://datarade.ai/data-categories/startup-data/datasets,https://datarade.ai/search/products?keywords=Startup+Data
state-court-data,https://datarade.ai/data-categories/state-court-data/datasets,https://datarade.ai/search/products?keywords=State+Court+Data
stock-fundamental-data,https://datarade.ai/data-categories/stock-fundamental-data/datasets,https://datarade.ai/search/products?keywords=Stock+Fundamental+Data
stock-keeping-unit-sku-data,https://datarade.ai/data-categories/stock-keeping-unit-sku-data/datasets,https://datarade.ai/search/products?keywords=Stock+Keeping+Unit+Sku+Data
stock-market-data,https://datarade.ai/data-categories/stock-market-data/datasets,https://datarade.ai/search/products?keywords=Stock+Market+Data
stock-market-sentiment-data,https://datarade.ai/data-categories/stock-market-sentiment-data/datasets,https://datarade.ai/search/products?keywords=Stock+Market+Sentiment+Data
stock-price-data,https://datarade.ai/data-categories/stock-price-data/datasets,https://datarade.ai/search/products?keywords=Stock+Price+Data
stock-quote-data,https://datarade.ai/data-categories/stock-quote-data/datasets,https://datarade.ai/search/products?keywords=Stock+Quote+Data
store-location-data,https://datarade.ai/data-categories/store-location-data/datasets,https://datarade.ai/search/products?keywords=Store+Location+Data
storm-data,https://datarade.ai/data-categories/storm-data/datasets,https://datarade.ai/search/products?keywords=Storm+Data
streaming-data,https://datarade.ai/data-categories/streaming-data/datasets,https://datarade.ai/search/products?keywords=Streaming+Data
student-marketing-data,https://datarade.ai/data-categories/student-marketing-data/datasets,https://datarade.ai/search/products?keywords=Student+Marketing+Data
supply-chain-data,https://datarade.ai/data-categories/supply-chain-data/datasets,https://datarade.ai/search/products?keywords=Supply+Chain+Data
surface-data,https://datarade.ai/data-categories/surface-data/datasets,https://datarade.ai/search/products?keywords=Surface+Data
sustainability-data,https://datarade.ai/data-categories/sustainability-data/datasets,https://datarade.ai/search/products?keywords=Sustainability+Data
swaps-data,https://datarade.ai/data-categories/swaps-data/datasets,https://datarade.ai/search/products?keywords=Swaps+Data
synthetic-data,https://datarade.ai/data-categories/synthetic-data/datasets,https://datarade.ai/search/products?keywords=Synthetic+Data
teacher-contact-data,https://datarade.ai/data-categories/teacher-contact-data/datasets,https://datarade.ai/search/products?keywords=Teacher+Contact+Data
tech-install-data,https://datarade.ai/data-categories/tech-install-data/datasets,https://datarade.ai/search/products?keywords=Tech+Install+Data
technographic-data,https://datarade.ai/data-categories/technographic-data/datasets,https://datarade.ai/search/products?keywords=Technographic+Data
telecom-data,https://datarade.ai/data-categories/telecom-data/datasets,https://datarade.ai/search/products?keywords=Telecom+Data
telemarketing-data,https://datarade.ai/data-categories/telemarketing-data/datasets,https://datarade.ai/search/products?keywords=Telemarketing+Data
telematics-data,https://datarade.ai/data-categories/telematics-data/datasets,https://datarade.ai/search/products?keywords=Telematics+Data
telemedicine-data,https://datarade.ai/data-categories/telemedicine-data/datasets,https://datarade.ai/search/products?keywords=Telemedicine+Data
temperature-data,https://datarade.ai/data-categories/temperature-data/datasets,https://datarade.ai/search/products?keywords=Temperature+Data
textual-data,https://datarade.ai/data-categories/textual-data/datasets,https://datarade.ai/search/products?keywords=Textual+Data
third-party-audience-data,https://datarade.ai/data-categories/third-party-audience-data/datasets,https://datarade.ai/search/products?keywords=Third+Party+Audience+Data
tickerized-transaction-data,https://datarade.ai/data-categories/tickerized-transaction-data/datasets,https://datarade.ai/search/products?keywords=Tickerized+Transaction+Data
tornado-data,https://datarade.ai/data-categories/tornado-data/datasets,https://datarade.ai/search/products?keywords=Tornado+Data
tourism-data,https://datarade.ai/data-categories/tourism-data/datasets,https://datarade.ai/search/products?keywords=Tourism+Data
tourism-transaction-data,https://datarade.ai/data-categories/tourism-transaction-data/datasets,https://datarade.ai/search/products?keywords=Tourism+Transaction+Data
tourist-attraction-data,https://datarade.ai/data-categories/tourist-attraction-data/datasets,https://datarade.ai/search/products?keywords=Tourist+Attraction+Data
trade-data,https://datarade.ai/data-categories/trade-data/datasets,https://datarade.ai/search/products?keywords=Trade+Data
trademark-data,https://datarade.ai/data-categories/trademark-data/datasets,https://datarade.ai/search/products?keywords=Trademark+Data
trading-data,https://datarade.ai/data-categories/trading-data/datasets,https://datarade.ai/search/products?keywords=Trading+Data
traffic-data,https://datarade.ai/data-categories/traffic-data/datasets,https://datarade.ai/search/products?keywords=Traffic+Data
transaction-data,https://datarade.ai/data-categories/transaction-data/datasets,https://datarade.ai/search/products?keywords=Transaction+Data
transcription-data,https://datarade.ai/data-categories/transcription-data/datasets,https://datarade.ai/search/products?keywords=Transcription+Data
translation-data,https://datarade.ai/data-categories/translation-data/datasets,https://datarade.ai/search/products?keywords=Translation+Data
transport-logistics-data,https://datarade.ai/data-categories/transport-logistics-data/datasets,https://datarade.ai/search/products?keywords=Transport+Logistics+Data
travel-booking-data,https://datarade.ai/data-categories/travel-booking-data/datasets,https://datarade.ai/search/products?keywords=Travel+Booking+Data
travel-data,https://datarade.ai/data-categories/travel-data/datasets,https://datarade.ai/search/products?keywords=Travel+Data
travel-intent-audience-data,https://datarade.ai/data-categories/travel-intent-audience-data/datasets,https://datarade.ai/search/products?keywords=Travel+Intent+Audience+Data
travel-transaction-data,https://datarade.ai/data-categories/travel-transaction-data/datasets,https://datarade.ai/search/products?keywords=Travel+Transaction+Data
trip-data,https://datarade.ai/data-categories/trip-data/datasets,https://datarade.ai/search/products?keywords=Trip+Data
trucking-data,https://datarade.ai/data-categories/trucking-data/datasets,https://datarade.ai/search/products?keywords=Trucking+Data
trucking-fleet-data,https://datarade.ai/data-categories/trucking-fleet-data/datasets,https://datarade.ai/search/products?keywords=Trucking+Fleet+Data
tv-viewership-data,https://datarade.ai/data-categories/tv-viewership-data/datasets,https://datarade.ai/search/products?keywords=Tv+Viewership+Data
b2b-data-uk,https://datarade.ai/data-categories/b2b-data-uk/datasets,https://datarade.ai/search/products?keywords=B2B+Data+Uk
un-sustainable-development-data,https://datarade.ai/data-categories/un-sustainable-development-data/datasets,https://datarade.ai/search/products?keywords=Un+Sustainable+Development+Data
urban-planning-data,https://datarade.ai/data-categories/urban-planning-data/datasets,https://datarade.ai/search/products?keywords=Urban+Planning+Data
user-profiles-data,https://datarade.ai/data-categories/user-profiles-data/datasets,https://datarade.ai/search/products?keywords=User+Profiles+Data
vacation-package-data,https://datarade.ai/data-categories/vacation-package-data/datasets,https://datarade.ai/search/products?keywords=Vacation+Package+Data
vacation-rental-data,https://datarade.ai/data-categories/vacation-rental-data/datasets,https://datarade.ai/search/products?keywords=Vacation+Rental+Data
vegetation-data,https://datarade.ai/data-categories/vegetation-data/datasets,https://datarade.ai/search/products?keywords=Vegetation+Data
vehicle-location-data,https://datarade.ai/data-categories/vehicle-location-data/datasets,https://datarade.ai/search/products?keywords=Vehicle+Location+Data
vehicle-tracking-data,https://datarade.ai/data-categories/vehicle-tracking-data/datasets,https://datarade.ai/search/products?keywords=Vehicle+Tracking+Data
venture-capital-data,https://datarade.ai/data-categories/venture-capital-data/datasets,https://datarade.ai/search/products?keywords=Venture+Capital+Data
venture-capital-vc-funding-data,https://datarade.ai/data-categories/venture-capital-vc-funding-data/datasets,https://datarade.ai/search/products?keywords=Venture+Capital+Vc+Funding+Data
veteran-data,https://datarade.ai/data-categories/veteran-data/datasets,https://datarade.ai/search/products?keywords=Veteran+Data
video-game-usage-data,https://datarade.ai/data-categories/video-game-usage-data/datasets,https://datarade.ai/search/products?keywords=Video+Game+Usage+Data
vin-data,https://datarade.ai/data-categories/vin-data/datasets,https://datarade.ai/search/products?keywords=Vin+Data
virus-data,https://datarade.ai/data-categories/virus-data/datasets,https://datarade.ai/search/products?keywords=Virus+Data
visit-data,https://datarade.ai/data-categories/visit-data/datasets,https://datarade.ai/search/products?keywords=Visit+Data
voter-data,https://datarade.ai/data-categories/voter-data/datasets,https://datarade.ai/search/products?keywords=Voter+Data
voter-turnout-data,https://datarade.ai/data-categories/voter-turnout-data/datasets,https://datarade.ai/search/products?keywords=Voter+Turnout+Data
voting-data,https://datarade.ai/data-categories/voting-data/datasets,https://datarade.ai/search/products?keywords=Voting+Data
walmart-data,https://datarade.ai/data-categories/walmart-data/datasets,https://datarade.ai/search/products?keywords=Walmart+Data
waste-data,https://datarade.ai/data-categories/waste-data/datasets,https://datarade.ai/search/products?keywords=Waste+Data
water-data,https://datarade.ai/data-categories/water-data/datasets,https://datarade.ai/search/products?keywords=Water+Data
wealth-data,https://datarade.ai/data-categories/wealth-data/datasets,https://datarade.ai/search/products?keywords=Wealth+Data
wearables-data,https://datarade.ai/data-categories/wearables-data/datasets,https://datarade.ai/search/products?keywords=Wearables+Data
weather-data,https://datarade.ai/data-categories/weather-data/datasets,https://datarade.ai/search/products?keywords=Weather+Data
weather-forecast-data,https://datarade.ai/data-categories/weather-forecast-data/datasets,https://datarade.ai/search/products?keywords=Weather+Forecast+Data
web-activity-data,https://datarade.ai/data-categories/web-activity-data/datasets,https://datarade.ai/search/products?keywords=Web+Activity+Data
web-browsing-data,https://datarade.ai/data-categories/web-browsing-data/datasets,https://datarade.ai/search/products?keywords=Web+Browsing+Data
web-data,https://datarade.ai/data-categories/web-data/datasets,https://datarade.ai/search/products?keywords=Web+Data
web-scraping-data,https://datarade.ai/data-categories/web-scraping-data/datasets,https://datarade.ai/search/products?keywords=Web+Scraping+Data
web-search-data,https://datarade.ai/data-categories/web-search-data/datasets,https://datarade.ai/search/products?keywords=Web+Search+Data
web-traffic-data,https://datarade.ai/data-categories/web-traffic-data/datasets,https://datarade.ai/search/products?keywords=Web+Traffic+Data
wildfires-data,https://datarade.ai/data-categories/wildfires-data/datasets,https://datarade.ai/search/products?keywords=Wildfires+Data
wind-data,https://datarade.ai/data-categories/wind-data/datasets,https://datarade.ai/search/products?keywords=Wind+Data
wind-power-data,https://datarade.ai/data-categories/wind-power-data/datasets,https://datarade.ai/search/products?keywords=Wind+Power+Data
workplace-diversity-data,https://datarade.ai/data-categories/workplace-diversity-data/datasets,https://datarade.ai/search/products?keywords=Workplace+Diversity+Data
zoom-data,https://datarade.ai/data-categories/zoom-data/datasets,https://datarade.ai/search/products?keywords=Zoom+Data
geospatial-data,https://datarade.ai/data-categories/geospatial-data/datasets,https://datarade.ai/search/products?keywords=Geospatial+Data
retail-commerce-data,https://datarade.ai/data-categories/retail-commerce-data/datasets,https://datarade.ai/search/products?keywords=Retail+Commerce+Data
financial-market-data,https://datarade.ai/data-categories/financial-market-data/datasets,https://datarade.ai/search/products?keywords=Financial+Market+Data
company-data,https://datarade.ai/data-categories/company-data/datasets,https://datarade.ai/search/products?keywords=Company+Data
real-estate-data,https://datarade.ai/data-categories/real-estate-data/datasets,https://datarade.ai/search/products?keywords=Real+Estate+Data
web-data,https://datarade.ai/data-categories/web-data/datasets,https://datarade.ai/search/products?keywords=Web+Data
ai-ml-training-data,https://datarade.ai/data-categories/ai-ml-training-data/datasets,https://datarade.ai/search/products?keywords=Ai+Ml+Training+Data
geospatial-data,https://datarade.ai/data-categories/geospatial-data/datasets,https://datarade.ai/search/products?keywords=Geospatial+Data
retail-commerce-data,https://datarade.ai/data-categories/retail-commerce-data/datasets,https://datarade.ai/search/products?keywords=Retail+Commerce+Data
financial-market-data,https://datarade.ai/data-categories/financial-market-data/datasets,https://datarade.ai/search/products?keywords=Financial+Market+Data
company-data,https://datarade.ai/data-categories/company-data/datasets,https://datarade.ai/search/products?keywords=Company+Data
real-estate-data,https://datarade.ai/data-categories/real-estate-data/datasets,https://datarade.ai/search/products?keywords=Real+Estate+Data
web-data,https://datarade.ai/data-categories/web-data/datasets,https://datarade.ai/search/products?keywords=Web+Data
ai-ml-training-data,https://datarade.ai/data-categories/ai-ml-training-data/datasets,https://datarade.ai/search/products?keywords=Ai+Ml+Training+Data
data-categories,https://datarade.ai/data-categories/datasets,https://datarade.ai/search/products?keywords=Data+Categories
